region_name,tpak_male,tpak_female,year,admin_level
ACEH,80.03,48.24,2018,Province
Simeulue,79.73,48.24,2018,City_Regency
Aceh Singkil,80.54,45.24,2018,City_Regency
Aceh Selatan,83.95,48.05,2018,City_Regency
Aceh Tenggara,82.5,63.43,2018,City_Regency
Aceh Timur,83.0,48.72,2018,City_Regency
Aceh Tengah,82.18,62.34,2018,City_Regency
Aceh Barat,74.14,33.67,2018,City_Regency
Aceh Besar,75.64,40.43,2018,City_Regency
Pidie,75.68,49.07,2018,City_Regency
Bireuen,82.36,48.45,2018,City_Regency
Aceh Utara,81.9,45.63,2018,City_Regency
Aceh Barat Daya,79.78,47.47,2018,City_Regency
Gayo Lues,86.97,69.32,2018,City_Regency
Aceh Tamiang,85.95,51.17,2018,City_Regency
Nagan Raya,81.97,38.89,2018,City_Regency
Aceh Jaya,86.18,53.22,2018,City_Regency
Bener Meriah,87.16,69.39,2018,City_Regency
Pidie Jaya,80.76,43.03,2018,City_Regency
Kota Banda Aceh,71.2,47.75,2018,City_Regency
Kota Sabang,81.9,48.76,2018,City_Regency
Kota Langsa,74.31,51.22,2018,City_Regency
Kota Lhokseumawe,76.22,39.16,2018,City_Regency
Kota Subulussalam,76.41,41.51,2018,City_Regency
SUMATERA UTARA,84.21,59.97,2018,Province
Nias,85.29,78.35,2018,City_Regency
Mandailing Natal,83.0,64.89,2018,City_Regency
Tapanuli Selatan,86.63,67.65,2018,City_Regency
Tapanuli Tengah,86.46,64.73,2018,City_Regency
Tapanuli Utara,87.77,80.1,2018,City_Regency
Toba Samosir / Toba,84.84,75.29,2018,City_Regency
Labuhan Batu,83.91,52.0,2018,City_Regency
Asahan,84.79,50.77,2018,City_Regency
Simalungun,84.47,62.21,2018,City_Regency
Dairi,91.73,85.38,2018,City_Regency
Karo,87.26,81.23,2018,City_Regency
Deli Serdang,85.38,55.67,2018,City_Regency
Langkat,85.74,56.72,2018,City_Regency
Nias Selatan,83.25,75.44,2018,City_Regency
Humbang Hasundutan,92.23,89.82,2018,City_Regency
Pakpak Bharat,95.94,89.45,2018,City_Regency
Samosir,86.89,78.96,2018,City_Regency
Serdang Bedagai,85.1,51.74,2018,City_Regency
Batu Bara,85.93,53.16,2018,City_Regency
Padang Lawas Utara,90.03,68.34,2018,City_Regency
Padang Lawas,82.74,61.35,2018,City_Regency
Labuhan Batu Selatan,87.96,48.74,2018,City_Regency
Labuhan Batu Utara,85.19,54.13,2018,City_Regency
Nias Utara,83.18,76.68,2018,City_Regency
Nias Barat,90.99,90.75,2018,City_Regency
Kota Sibolga,83.42,65.75,2018,City_Regency
Kota Tanjung Balai,85.0,55.57,2018,City_Regency
Kota Pematang Siantar,77.21,56.13,2018,City_Regency
Kota Tebing Tinggi,83.47,54.43,2018,City_Regency
Kota Medan,78.9,54.06,2018,City_Regency
Kota Binjai,83.69,50.61,2018,City_Regency
Kota Padangsidimpuan,80.77,65.44,2018,City_Regency
Kota Gunungsitoli,77.94,59.67,2018,City_Regency
SUMATERA BARAT,80.66,54.81,2018,Province
Kepulauan Mentawai,82.39,66.79,2018,City_Regency
Pesisir Selatan,83.37,50.43,2018,City_Regency
Solok,82.23,55.09,2018,City_Regency
Sijunjung,80.0,56.97,2018,City_Regency
Tanah Datar,80.45,58.44,2018,City_Regency
Padang Pariaman,81.44,50.66,2018,City_Regency
Agam,80.91,56.94,2018,City_Regency
Lima Puluh Kota,83.65,62.96,2018,City_Regency
Pasaman,80.8,54.03,2018,City_Regency
Solok Selatan,85.92,63.64,2018,City_Regency
Dharmasraya,85.47,50.1,2018,City_Regency
Pasaman Barat,79.25,54.55,2018,City_Regency
Kota Padang,76.12,49.61,2018,City_Regency
Kota Solok,79.59,50.43,2018,City_Regency
Kota Sawah Lunto,83.24,62.88,2018,City_Regency
Kota Padang Panjang,74.79,57.83,2018,City_Regency
Kota Bukittinggi,80.9,58.37,2018,City_Regency
Kota Payakumbuh,82.36,59.53,2018,City_Regency
Kota Pariaman,76.57,58.01,2018,City_Regency
RIAU,83.88,45.68,2018,Province
Kuantan Singingi,82.17,44.71,2018,City_Regency
Indragiri Hulu,86.45,48.9,2018,City_Regency
Indragiri Hilir,86.5,37.97,2018,City_Regency
Pelalawan,89.92,47.94,2018,City_Regency
Siak,86.36,45.37,2018,City_Regency
Kampar,80.72,45.18,2018,City_Regency
Rokan Hulu,86.29,42.92,2018,City_Regency
Bengkalis,85.06,45.93,2018,City_Regency
Rokan Hilir,86.88,38.86,2018,City_Regency
Kepulauan Meranti,82.65,54.14,2018,City_Regency
Kota Pekanbaru,78.16,52.74,2018,City_Regency
Kota Dumai,80.31,46.89,2018,City_Regency
JAMBI,84.08,51.69,2018,Province
Kerinci,80.95,61.54,2018,City_Regency
Merangin,86.94,51.43,2018,City_Regency
Sarolangun,83.25,50.33,2018,City_Regency
Batang Hari,84.17,44.84,2018,City_Regency
Muaro Jambi,86.38,39.64,2018,City_Regency
Tanjung Jabung Timur,86.62,55.44,2018,City_Regency
Tanjung Jabung Barat,88.81,60.73,2018,City_Regency
Tebo,86.49,53.35,2018,City_Regency
Bungo,84.6,48.77,2018,City_Regency
Kota Jambi,76.98,53.29,2018,City_Regency
Kota Sungai Penuh,83.92,58.98,2018,City_Regency
SUMATERA SELATAN,83.25,53.23,2018,Province
Ogan Komering Ulu,83.03,48.57,2018,City_Regency
Ogan Komering Ilir,84.2,55.67,2018,City_Regency
Muara Enim,84.39,60.12,2018,City_Regency
Lahat,86.19,62.34,2018,City_Regency
Musi Rawas,89.41,57.98,2018,City_Regency
Musi Banyuasin,83.31,46.1,2018,City_Regency
Banyu Asin,87.49,43.88,2018,City_Regency
Ogan Komering Ulu Selatan,88.02,63.83,2018,City_Regency
Ogan Komering Ulu Timur,86.49,53.29,2018,City_Regency
Ogan Ilir,84.34,61.41,2018,City_Regency
Empat Lawang,84.68,64.38,2018,City_Regency
Penukal Abab Lematang Ilir,86.33,66.39,2018,City_Regency
Musi Rawas Utara,88.68,51.03,2018,City_Regency
Kota Palembang,74.26,46.83,2018,City_Regency
Kota Prabumulih,82.41,57.93,2018,City_Regency
Kota Pagar Alam,84.52,58.34,2018,City_Regency
Kota Lubuklinggau,83.13,52.67,2018,City_Regency
BENGKULU,83.67,56.26,2018,Province
Bengkulu Selatan,79.94,63.55,2018,City_Regency
Rejang Lebong,86.69,67.16,2018,City_Regency
Bengkulu Utara,87.77,49.16,2018,City_Regency
Kaur,86.35,59.83,2018,City_Regency
Seluma,84.11,58.56,2018,City_Regency
Mukomuko,83.49,42.24,2018,City_Regency
Lebong,85.51,55.51,2018,City_Regency
Kepahiang,86.79,62.63,2018,City_Regency
Bengkulu Tengah,85.45,57.54,2018,City_Regency
Kota Bengkulu,76.35,52.39,2018,City_Regency
LAMPUNG,87.03,51.22,2018,Province
Lampung Barat,92.7,65.25,2018,City_Regency
Tanggamus,91.43,58.05,2018,City_Regency
Lampung Selatan,85.55,45.8,2018,City_Regency
Lampung Timur,87.99,46.99,2018,City_Regency
Lampung Tengah,89.84,56.69,2018,City_Regency
Lampung Utara,85.99,50.47,2018,City_Regency
Way Kanan,88.92,53.74,2018,City_Regency
Tulangbawang,88.68,48.02,2018,City_Regency
Pesawaran,86.6,48.77,2018,City_Regency
Pringsewu,84.98,50.02,2018,City_Regency
Mesuji,87.2,39.77,2018,City_Regency
Tulang Bawang Barat,88.44,50.85,2018,City_Regency
Pesisir Barat,89.36,42.94,2018,City_Regency
Kota Bandar Lampung,80.19,51.58,2018,City_Regency
Kota Metro,79.31,52.24,2018,City_Regency
KEP. BANGKA BELITUNG,83.21,50.03,2018,Province
Bangka,80.5,44.96,2018,City_Regency
Belitung,86.24,52.0,2018,City_Regency
Bangka Barat,84.35,53.95,2018,City_Regency
Bangka Tengah,83.31,56.47,2018,City_Regency
Bangka Selatan,85.27,47.64,2018,City_Regency
Belitung Timur,88.37,53.06,2018,City_Regency
Kota Pangkal Pinang,78.37,47.17,2018,City_Regency
KEPULAUAN RIAU,81.45,46.62,2018,Province
Karimun,78.08,46.52,2018,City_Regency
Bintan,79.88,42.57,2018,City_Regency
Natuna,81.62,49.76,2018,City_Regency
Lingga,81.74,48.15,2018,City_Regency
Kepulauan Anambas,83.26,52.82,2018,City_Regency
Kota Batam,83.3,46.48,2018,City_Regency
Kota Tanjung Pinang,74.3,47.64,2018,City_Regency
DKI JAKARTA,78.14,47.86,2018,Province
Kep. Seribu,76.18,44.02,2018,City_Regency
Kota Jakarta Selatan,78.23,51.61,2018,City_Regency
Kota Jakarta Timur,77.65,43.69,2018,City_Regency
Kota Jakarta Pusat,78.86,49.81,2018,City_Regency
Kota Jakarta Barat,77.24,44.96,2018,City_Regency
Kota Jakarta Utara,79.76,52.85,2018,City_Regency
JAWA BARAT,82.96,42.25,2018,Province
Bogor,84.53,39.82,2018,City_Regency
Sukabumi,87.0,37.81,2018,City_Regency
Cianjur,84.58,34.24,2018,City_Regency
Bandung,81.2,41.88,2018,City_Regency
Garut,82.76,37.22,2018,City_Regency
Tasikmalaya,82.4,46.41,2018,City_Regency
Ciamis,85.83,48.37,2018,City_Regency
Kuningan,79.42,37.79,2018,City_Regency
Cirebon,80.74,41.85,2018,City_Regency
Majalengka,84.7,46.92,2018,City_Regency
Sumedang,83.37,40.94,2018,City_Regency
Indramayu,85.54,42.95,2018,City_Regency
Subang,86.96,41.5,2018,City_Regency
Purwakarta,83.08,42.47,2018,City_Regency
Karawang,84.96,43.49,2018,City_Regency
Bekasi,83.69,38.0,2018,City_Regency
Bandung Barat,84.09,37.76,2018,City_Regency
Pangandaran,88.01,67.74,2018,City_Regency
Kota Bogor,79.74,46.08,2018,City_Regency
Kota Sukabumi,79.42,39.39,2018,City_Regency
Kota Bandung,78.03,45.46,2018,City_Regency
Kota Cirebon,79.63,56.3,2018,City_Regency
Kota Bekasi,80.48,49.83,2018,City_Regency
Kota Depok,79.98,44.93,2018,City_Regency
Kota Cimahi,82.65,46.0,2018,City_Regency
Kota Tasikmalaya,81.96,43.26,2018,City_Regency
Kota Banjar,81.07,49.47,2018,City_Regency
JAWA TENGAH,81.59,56.43,2018,Province
Cilacap,77.64,47.7,2018,City_Regency
Banyumas,83.1,52.59,2018,City_Regency
Purbalingga,83.5,58.18,2018,City_Regency
Banjarnegara,86.35,57.63,2018,City_Regency
Kebumen,79.72,52.15,2018,City_Regency
Purworejo,78.89,55.44,2018,City_Regency
Wonosobo,84.03,60.51,2018,City_Regency
Magelang,80.92,62.02,2018,City_Regency
Boyolali,82.69,62.45,2018,City_Regency
Klaten,79.24,55.72,2018,City_Regency
Sukoharjo,79.4,57.87,2018,City_Regency
Wonogiri,85.45,65.75,2018,City_Regency
Karanganyar,80.87,60.41,2018,City_Regency
Sragen,80.91,54.36,2018,City_Regency
Grobogan,81.51,60.46,2018,City_Regency
Blora,85.34,61.25,2018,City_Regency
Rembang,80.54,55.15,2018,City_Regency
Pati,81.71,53.11,2018,City_Regency
Kudus,81.04,64.11,2018,City_Regency
Jepara,82.87,55.46,2018,City_Regency
Demak,82.49,59.84,2018,City_Regency
Semarang,80.96,64.49,2018,City_Regency
Temanggung,86.75,61.49,2018,City_Regency
Kendal,81.68,50.57,2018,City_Regency
Batang,84.02,56.69,2018,City_Regency
Pekalongan,83.79,57.94,2018,City_Regency
Pemalang,82.06,49.18,2018,City_Regency
Tegal,82.22,49.19,2018,City_Regency
Brebes,81.71,52.64,2018,City_Regency
Kota Magelang,77.15,60.99,2018,City_Regency
Kota Surakarta,76.06,56.68,2018,City_Regency
Kota Salatiga,77.75,66.88,2018,City_Regency
Kota Semarang,78.3,54.28,2018,City_Regency
Kota Pekalongan,80.31,60.59,2018,City_Regency
Kota Tegal,78.23,53.3,2018,City_Regency
D I YOGYAKARTA,82.57,64.03,2018,Province
Kulon Progo,85.51,67.73,2018,City_Regency
Bantul,84.23,63.37,2018,City_Regency
Gunung Kidul,87.49,66.78,2018,City_Regency
Sleman,79.88,61.92,2018,City_Regency
Kota Yogyakarta,75.42,62.83,2018,City_Regency
JAWA TIMUR,84.41,55.31,2018,Province
Pacitan,89.57,70.05,2018,City_Regency
Ponorogo,84.17,60.38,2018,City_Regency
Trenggalek,87.65,63.38,2018,City_Regency
Tulungagung,84.24,58.12,2018,City_Regency
Blitar,85.92,55.34,2018,City_Regency
Kediri,85.11,50.49,2018,City_Regency
Malang,85.67,53.92,2018,City_Regency
Lumajang,87.02,50.71,2018,City_Regency
Jember,86.36,50.78,2018,City_Regency
Banyuwangi,87.86,56.87,2018,City_Regency
Bondowoso,86.17,58.1,2018,City_Regency
Situbondo,89.45,55.95,2018,City_Regency
Probolinggo,87.15,51.26,2018,City_Regency
Pasuruan,85.11,54.95,2018,City_Regency
Sidoarjo,79.96,49.8,2018,City_Regency
Mojokerto,85.25,58.91,2018,City_Regency
Jombang,86.37,54.24,2018,City_Regency
Nganjuk,85.48,50.98,2018,City_Regency
Madiun,82.71,56.98,2018,City_Regency
Magetan,86.49,69.44,2018,City_Regency
Ngawi,87.65,64.09,2018,City_Regency
Bojonegoro,84.37,50.97,2018,City_Regency
Tuban,88.97,55.45,2018,City_Regency
Lamongan,81.98,55.36,2018,City_Regency
Gresik,84.25,51.35,2018,City_Regency
Bangkalan,81.02,58.72,2018,City_Regency
Sampang,78.17,57.78,2018,City_Regency
Pamekasan,79.3,60.85,2018,City_Regency
Sumenep,84.79,60.43,2018,City_Regency
Kota Kediri,74.95,56.14,2018,City_Regency
Kota Blitar,80.18,64.88,2018,City_Regency
Kota Malang,79.18,53.85,2018,City_Regency
Kota Probolinggo,80.51,50.61,2018,City_Regency
Kota Pasuruan,81.6,52.17,2018,City_Regency
Kota Mojokerto,79.08,60.37,2018,City_Regency
Kota Madiun,78.09,52.2,2018,City_Regency
Kota Surabaya,81.21,53.85,2018,City_Regency
Kota Batu,85.0,56.09,2018,City_Regency
BANTEN,80.85,44.3,2018,Province
Pandeglang,82.55,41.4,2018,City_Regency
Lebak,81.59,52.48,2018,City_Regency
Tangerang,83.36,41.57,2018,City_Regency
Serang,80.61,42.5,2018,City_Regency
Kota Tangerang,79.22,46.03,2018,City_Regency
Kota Cilegon,81.12,43.96,2018,City_Regency
Kota Serang,76.02,47.82,2018,City_Regency
Kota Tangerang Selatan,77.94,44.09,2018,City_Regency
BALI,82.94,70.14,2018,Province
Jembrana,85.21,69.61,2018,City_Regency
Tabanan,83.65,71.11,2018,City_Regency
Badung,79.61,62.38,2018,City_Regency
Gianyar,83.09,74.79,2018,City_Regency
Klungkung,80.49,75.37,2018,City_Regency
Bangli,88.7,82.68,2018,City_Regency
Karangasem,84.17,80.42,2018,City_Regency
Buleleng,82.68,70.67,2018,City_Regency
Kota Denpasar,82.94,63.68,2018,City_Regency
NUSA TENGGARA BARAT,80.0,54.27,2018,Province
Lombok Barat,76.09,44.64,2018,City_Regency
Lombok Tengah,79.52,57.17,2018,City_Regency
Lombok Timur,76.51,55.99,2018,City_Regency
Sumbawa,87.91,48.86,2018,City_Regency
Dompu,82.2,49.17,2018,City_Regency
Bima,86.51,65.76,2018,City_Regency
Sumbawa Barat,86.7,56.81,2018,City_Regency
Lombok Utara,,,2018,City_Regency
Kota Mataram,76.36,50.43,2018,City_Regency
Kota Bima,81.91,62.27,2018,City_Regency
NUSA TENGGARA TIMUR,83.0,60.9,2018,Province
Sumba Barat,76.59,54.33,2018,City_Regency
Sumba Timur,87.68,67.52,2018,City_Regency
Kupang,86.0,55.35,2018,City_Regency
Timor Tengah Selatan,87.81,67.08,2018,City_Regency
Timor Tengah Utara,88.85,65.06,2018,City_Regency
Belu,80.89,54.07,2018,City_Regency
Alor,75.47,60.16,2018,City_Regency
Lembata,84.25,57.37,2018,City_Regency
Flores Timur,83.36,59.18,2018,City_Regency
Sikka,85.0,60.82,2018,City_Regency
Ende,84.13,66.84,2018,City_Regency
Ngada,79.26,66.81,2018,City_Regency
Manggarai,82.97,67.8,2018,City_Regency
Rote Ndao,85.94,62.05,2018,City_Regency
Manggarai Barat,84.76,54.0,2018,City_Regency
Sumba Tengah,76.78,52.72,2018,City_Regency
Sumba Barat Daya,87.62,73.57,2018,City_Regency
Nagekeo,76.89,54.42,2018,City_Regency
Manggarai Timur,85.61,54.08,2018,City_Regency
Sabu Raijua,84.39,70.34,2018,City_Regency
Malaka,87.03,61.74,2018,City_Regency
Kota Kupang,69.55,49.94,2018,City_Regency
KALIMANTAN BARAT,84.09,53.07,2018,Province
Sambas,85.36,58.42,2018,City_Regency
Bengkayang,86.1,65.38,2018,City_Regency
Landak,85.34,62.93,2018,City_Regency
Mempawah,82.59,47.31,2018,City_Regency
Sanggau,85.79,58.85,2018,City_Regency
Ketapang,86.83,44.39,2018,City_Regency
Sintang,86.4,56.34,2018,City_Regency
Kapuas Hulu,85.95,65.97,2018,City_Regency
Sekadau,88.57,63.94,2018,City_Regency
Melawi,86.83,60.03,2018,City_Regency
Kayong Utara,83.91,46.95,2018,City_Regency
Kubu Raya,83.13,41.31,2018,City_Regency
Kota Pontianak,78.36,44.51,2018,City_Regency
Kota Singkawang,74.55,47.27,2018,City_Regency
KALIMANTAN TENGAH,85.92,51.82,2018,Province
Kotawaringin Barat,89.13,52.54,2018,City_Regency
Kotawaringin Timur,87.58,45.97,2018,City_Regency
Kapuas,85.46,52.58,2018,City_Regency
Barito Selatan,80.49,42.61,2018,City_Regency
Barito Utara,85.89,60.23,2018,City_Regency
Sukamara,88.71,56.91,2018,City_Regency
Lamandau,84.5,47.98,2018,City_Regency
Seruyan,90.48,55.81,2018,City_Regency
Katingan,85.49,51.34,2018,City_Regency
Pulang Pisau,87.75,52.38,2018,City_Regency
Gunung Mas,88.81,60.13,2018,City_Regency
Barito Timur,88.92,67.96,2018,City_Regency
Murung Raya,85.95,50.28,2018,City_Regency
Kota Palangka Raya,76.43,47.8,2018,City_Regency
KALIMANTAN SELATAN,84.22,54.98,2018,Province
Tanah Laut,85.27,47.32,2018,City_Regency
Kotabaru,85.51,52.84,2018,City_Regency
Banjar,86.85,55.61,2018,City_Regency
Barito Kuala,90.61,67.95,2018,City_Regency
Tapin,85.76,53.61,2018,City_Regency
Hulu Sungai Selatan,84.24,59.61,2018,City_Regency
Hulu Sungai Tengah,84.85,63.14,2018,City_Regency
Hulu Sungai Utara,82.72,58.09,2018,City_Regency
Tabalong,88.41,61.39,2018,City_Regency
Tanah Bumbu,83.02,47.07,2018,City_Regency
Balangan,86.75,68.03,2018,City_Regency
Kota Banjarmasin,80.12,48.96,2018,City_Regency
Kota Banjar Baru,74.8,49.81,2018,City_Regency
KALIMANTAN TIMUR,82.06,45.18,2018,Province
Paser,85.73,45.23,2018,City_Regency
Kutai Barat,85.01,55.59,2018,City_Regency
Kutai Kartanegara,83.64,42.33,2018,City_Regency
Kutai Timur,85.04,49.38,2018,City_Regency
Berau,87.33,43.62,2018,City_Regency
Penajam Paser Utara,82.16,44.87,2018,City_Regency
Mahakam Ulu,85.24,71.78,2018,City_Regency
Kota Balikpapan,77.56,48.81,2018,City_Regency
Kota Samarinda,79.63,40.95,2018,City_Regency
Kota Bontang,81.28,46.36,2018,City_Regency
KALIMANTAN UTARA,81.82,49.44,2018,Province
Malinau,87.79,59.34,2018,City_Regency
Bulungan,82.96,51.83,2018,City_Regency
Tana Tidung,82.85,36.04,2018,City_Regency
Nunukan,87.16,53.25,2018,City_Regency
Kota Tarakan,75.1,43.93,2018,City_Regency
SULAWESI UTARA,80.34,45.16,2018,Province
Bolaang Mongondow,85.01,43.06,2018,City_Regency
Minahasa,80.17,51.17,2018,City_Regency
Kepulauan Sangihe,80.38,46.35,2018,City_Regency
Kepulauan Talaud,85.88,49.96,2018,City_Regency
Minahasa Selatan,82.79,45.34,2018,City_Regency
Minahasa Utara,80.49,39.46,2018,City_Regency
Bolaang Mongondow Utara,81.34,36.44,2018,City_Regency
Siau Tagulandang Biaro,81.11,51.35,2018,City_Regency
Minahasa Tenggara,81.03,41.72,2018,City_Regency
Bolaang Mongondow Selatan,85.84,34.51,2018,City_Regency
Bolaang Mongondow Timur,83.29,43.39,2018,City_Regency
Kota Manado,74.72,44.6,2018,City_Regency
Kota Bitung,80.28,44.64,2018,City_Regency
Kota Tomohon,76.21,45.52,2018,City_Regency
Kota Kotamobagu,80.26,49.22,2018,City_Regency
SULAWESI TENGAH,84.98,53.91,2018,Province
Banggai Kepulauan,83.39,57.28,2018,City_Regency
Banggai,85.61,57.48,2018,City_Regency
Morowali,86.27,35.05,2018,City_Regency
Poso,88.8,61.47,2018,City_Regency
Donggala,84.13,42.92,2018,City_Regency
Toli-Toli,86.15,46.93,2018,City_Regency
Buol,84.75,48.75,2018,City_Regency
Parigi Moutong,87.16,56.54,2018,City_Regency
Tojo Una-Una,87.08,65.83,2018,City_Regency
Sigi,83.74,54.27,2018,City_Regency
Banggai Laut,83.29,55.59,2018,City_Regency
Morowali Utara,90.63,59.21,2018,City_Regency
Kota Palu,77.76,54.55,2018,City_Regency
SULAWESI SELATAN,81.33,47.65,2018,Province
Kepulauan Selayar,86.45,49.75,2018,City_Regency
Bulukumba,87.91,43.97,2018,City_Regency
Bantaeng,87.62,58.36,2018,City_Regency
Jeneponto,85.25,53.9,2018,City_Regency
Takalar,85.11,48.91,2018,City_Regency
Gowa,83.67,53.93,2018,City_Regency
Sinjai,85.6,54.89,2018,City_Regency
Maros,80.25,42.05,2018,City_Regency
Pangkajene dan Kepulauan,83.57,46.34,2018,City_Regency
Barru,80.76,36.56,2018,City_Regency
Bone,79.07,39.99,2018,City_Regency
Soppeng,81.61,49.55,2018,City_Regency
Wajo,82.87,39.16,2018,City_Regency
Sidenreng Rappang,81.12,34.2,2018,City_Regency
Pinrang,79.74,41.89,2018,City_Regency
Enrekang,83.45,53.29,2018,City_Regency
Luwu,80.14,46.62,2018,City_Regency
Tana Toraja,85.96,75.14,2018,City_Regency
Luwu Utara,80.62,49.15,2018,City_Regency
Luwu Timur,88.92,53.67,2018,City_Regency
Toraja Utara,76.95,69.01,2018,City_Regency
Kota Makasar,75.23,45.9,2018,City_Regency
Kota Parepare,81.46,48.93,2018,City_Regency
Kota Palopo,75.82,45.06,2018,City_Regency
SULAWESI TENGGARA,83.97,55.65,2018,Province
Buton,80.59,60.72,2018,City_Regency
Muna,75.65,54.64,2018,City_Regency
Konawe,87.6,53.18,2018,City_Regency
Kolaka,87.25,51.36,2018,City_Regency
Konawe Selatan,88.15,60.56,2018,City_Regency
Bombana,86.8,56.92,2018,City_Regency
Wakatobi,85.2,58.52,2018,City_Regency
Kolaka Utara,90.8,56.08,2018,City_Regency
Buton Utara,85.44,65.22,2018,City_Regency
Konawe Utara,89.5,59.4,2018,City_Regency
Kolaka Timur,91.18,63.95,2018,City_Regency
Konawe Kepulauan,85.63,67.68,2018,City_Regency
Muna Barat,88.81,68.24,2018,City_Regency
Buton Tengah,78.11,50.66,2018,City_Regency
Buton Selatan,78.52,48.09,2018,City_Regency
Kota Kendari,75.25,48.0,2018,City_Regency
Kota Baubau,81.2,56.06,2018,City_Regency
GORONTALO,84.24,51.66,2018,Province
Boalemo,84.48,57.04,2018,City_Regency
Gorontalo,83.47,54.62,2018,City_Regency
Pohuwato,88.03,50.73,2018,City_Regency
Bone Bolango,86.7,46.6,2018,City_Regency
Gorontalo Utara,87.63,55.51,2018,City_Regency
Kota Gorontalo,79.07,45.41,2018,City_Regency
SULAWESI BARAT,84.52,53.96,2018,Province
Majene,85.3,59.48,2018,City_Regency
Polewali Mandar,82.44,51.49,2018,City_Regency
Mamasa,84.87,68.16,2018,City_Regency
Mamuju,83.13,43.79,2018,City_Regency
Mamuju Utara / Pasangkayu,87.24,52.03,2018,City_Regency
Mamuju Tengah,89.4,62.92,2018,City_Regency
MALUKU,77.5,50.05,2018,Province
Maluku Tenggara Barat / Kepulauan Tanimbar,80.45,59.03,2018,City_Regency
Maluku Tenggara,72.78,53.23,2018,City_Regency
Maluku Tengah,80.26,47.46,2018,City_Regency
Buru,80.83,52.99,2018,City_Regency
Kepulauan Aru,82.05,41.91,2018,City_Regency
Seram Bagian Barat,83.16,54.97,2018,City_Regency
Seram Bagian Timur,81.71,45.49,2018,City_Regency
Maluku Barat Daya,83.9,66.33,2018,City_Regency
Buru Selatan,83.66,57.96,2018,City_Regency
Kota Ambon,70.24,46.07,2018,City_Regency
Kota Tual,69.64,50.41,2018,City_Regency
MALUKU UTARA,80.88,49.92,2018,Province
Halmahera Barat,83.71,47.08,2018,City_Regency
Halmahera Tengah,87.79,42.46,2018,City_Regency
Kepulauan Sula,81.96,48.57,2018,City_Regency
Halmahera Selatan,87.26,58.33,2018,City_Regency
Halmahera Utara,79.19,44.68,2018,City_Regency
Halmahera Timur,87.2,58.54,2018,City_Regency
Pulau Morotai,81.22,43.0,2018,City_Regency
Pulau Taliabu,91.49,55.94,2018,City_Regency
Kota Ternate,70.5,45.2,2018,City_Regency
Kota Tidore Kepulauan,75.88,55.0,2018,City_Regency
PAPUA BARAT,80.71,52.15,2018,Province
Fakfak,77.6,41.38,2018,City_Regency
Kaimana,77.92,48.13,2018,City_Regency
Teluk Wondama,76.44,46.37,2018,City_Regency
Teluk Bintuni,88.23,49.79,2018,City_Regency
Manokwari,78.5,46.92,2018,City_Regency
Sorong Selatan,81.51,54.48,2018,City_Regency
Sorong,82.58,46.6,2018,City_Regency
Raja Ampat,86.48,44.61,2018,City_Regency
Tambrauw,86.92,76.95,2018,City_Regency
Maybrat,78.68,63.52,2018,City_Regency
Manokwari Selatan,84.77,69.28,2018,City_Regency
Pegunungan Arfak,85.14,92.02,2018,City_Regency
Kota Sorong,79.74,53.78,2018,City_Regency
PAPUA BARAT DAYA,,,2018,Province
Raja Ampat,,,2018,City_Regency
Sorong,,,2018,City_Regency
Sorong Selatan,,,2018,City_Regency
Maybrat,,,2018,City_Regency
Tambrauw,,,2018,City_Regency
Kota Sorong,,,2018,City_Regency
PAPUA,86.44,70.53,2018,Province
Merauke,82.51,54.66,2018,City_Regency
Jayawijaya,92.05,87.05,2018,City_Regency
Jayapura,77.14,60.72,2018,City_Regency
Nabire,85.51,56.63,2018,City_Regency
Kepulauan Yapen,78.56,47.45,2018,City_Regency
Biak Numfor,75.32,45.34,2018,City_Regency
Paniai,92.89,84.75,2018,City_Regency
Puncak Jaya,91.94,93.36,2018,City_Regency
Mimika,87.24,43.28,2018,City_Regency
Boven Digoel,90.03,69.55,2018,City_Regency
Mappi,89.78,65.08,2018,City_Regency
Asmat,86.43,78.55,2018,City_Regency
Yahukimo,90.99,78.94,2018,City_Regency
Pegunungan Bintang,90.05,84.01,2018,City_Regency
Tolikara,95.1,95.57,2018,City_Regency
Sarmi,85.41,55.5,2018,City_Regency
Keerom,87.6,57.04,2018,City_Regency
Waropen,80.2,35.01,2018,City_Regency
Supiori,77.28,37.99,2018,City_Regency
Mamberamo Raya,87.92,48.45,2018,City_Regency
Nduga,91.27,93.52,2018,City_Regency
Lanny Jaya,93.32,92.29,2018,City_Regency
Mamberamo Tengah,95.23,96.18,2018,City_Regency
Yalimo,85.02,87.7,2018,City_Regency
Puncak,93.82,94.54,2018,City_Regency
Dogiyai,88.34,84.09,2018,City_Regency
Intan Jaya,83.51,64.56,2018,City_Regency
Deiyai,91.2,88.42,2018,City_Regency
Kota Jayapura,73.72,52.18,2018,City_Regency
PAPUA SELATAN,,,2018,Province
Merauke,,,2018,City_Regency
Boven Digoel,,,2018,City_Regency
Mappi,,,2018,City_Regency
Asmat,,,2018,City_Regency
PAPUA TENGAH,,,2018,Province
Mimika,,,2018,City_Regency
Dogiyai,,,2018,City_Regency
Deiyai,,,2018,City_Regency
Nabire,,,2018,City_Regency
Paniai,,,2018,City_Regency
Intan Jaya,,,2018,City_Regency
Puncak,,,2018,City_Regency
Puncak Jaya,,,2018,City_Regency
PAPUA PEGUNUNGAN,,,2018,Province
Nduga,,,2018,City_Regency
Jayawijaya,,,2018,City_Regency
Lanny Jaya,,,2018,City_Regency
Tolikara,,,2018,City_Regency
Mamberamo Tengah,,,2018,City_Regency
Yalimo,,,2018,City_Regency
Yahukimo,,,2018,City_Regency
Pegunungan Bintang,,,2018,City_Regency
INDONESIA,82.8,51.8,2018,National
ACEH,80.79,45.68,2019,Province
Simeulue,81.2,42.86,2019,City_Regency
Aceh Singkil,80.63,37.25,2019,City_Regency
Aceh Selatan,82.19,37.11,2019,City_Regency
Aceh Tenggara,79.48,55.69,2019,City_Regency
Aceh Timur,82.69,36.35,2019,City_Regency
Aceh Tengah,86.65,57.94,2019,City_Regency
Aceh Barat,80.2,41.08,2019,City_Regency
Aceh Besar,74.71,36.64,2019,City_Regency
Pidie,78.45,49.07,2019,City_Regency
Bireuen,82.53,52.33,2019,City_Regency
Aceh Utara,79.57,43.52,2019,City_Regency
Aceh Barat Daya,80.05,36.66,2019,City_Regency
Gayo Lues,88.4,62.05,2019,City_Regency
Aceh Tamiang,83.43,46.42,2019,City_Regency
Nagan Raya,83.95,38.64,2019,City_Regency
Aceh Jaya,86.8,53.64,2019,City_Regency
Bener Meriah,90.32,63.08,2019,City_Regency
Pidie Jaya,76.45,45.03,2019,City_Regency
Kota Banda Aceh,75.68,45.39,2019,City_Regency
Kota Sabang,86.92,57.55,2019,City_Regency
Kota Langsa,81.57,53.32,2019,City_Regency
Kota Lhokseumawe,78.06,46.18,2019,City_Regency
Kota Subulussalam,83.93,44.29,2019,City_Regency
SUMATERA UTARA,84.19,56.8,2019,Province
Nias,86.56,83.19,2019,City_Regency
Mandailing Natal,80.14,63.13,2019,City_Regency
Tapanuli Selatan,86.62,64.31,2019,City_Regency
Tapanuli Tengah,80.22,63.17,2019,City_Regency
Tapanuli Utara,85.68,78.03,2019,City_Regency
Toba Samosir / Toba,86.16,78.11,2019,City_Regency
Labuhan Batu,82.67,42.29,2019,City_Regency
Asahan,85.41,44.69,2019,City_Regency
Simalungun,85.42,57.93,2019,City_Regency
Dairi,89.32,84.77,2019,City_Regency
Karo,88.32,79.39,2019,City_Regency
Deli Serdang,86.96,50.59,2019,City_Regency
Langkat,87.32,50.31,2019,City_Regency
Nias Selatan,78.78,66.58,2019,City_Regency
Humbang Hasundutan,88.32,88.54,2019,City_Regency
Pakpak Bharat,93.66,82.4,2019,City_Regency
Samosir,83.24,80.19,2019,City_Regency
Serdang Bedagai,88.58,52.94,2019,City_Regency
Batu Bara,83.32,46.63,2019,City_Regency
Padang Lawas Utara,87.7,68.59,2019,City_Regency
Padang Lawas,86.54,66.18,2019,City_Regency
Labuhan Batu Selatan,85.35,45.22,2019,City_Regency
Labuhan Batu Utara,84.23,49.24,2019,City_Regency
Nias Utara,79.47,72.2,2019,City_Regency
Nias Barat,83.46,80.94,2019,City_Regency
Kota Sibolga,81.63,60.86,2019,City_Regency
Kota Tanjung Balai,83.67,46.17,2019,City_Regency
Kota Pematang Siantar,80.06,63.15,2019,City_Regency
Kota Tebing Tinggi,82.43,51.79,2019,City_Regency
Kota Medan,79.05,51.82,2019,City_Regency
Kota Binjai,83.35,50.94,2019,City_Regency
Kota Padangsidimpuan,81.22,65.71,2019,City_Regency
Kota Gunungsitoli,78.5,65.43,2019,City_Regency
SUMATERA BARAT,81.86,54.26,2019,Province
Kepulauan Mentawai,90.73,74.89,2019,City_Regency
Pesisir Selatan,84.48,53.72,2019,City_Regency
Solok,82.54,59.58,2019,City_Regency
Sijunjung,86.68,53.87,2019,City_Regency
Tanah Datar,81.67,57.72,2019,City_Regency
Padang Pariaman,80.21,47.28,2019,City_Regency
Agam,81.63,58.24,2019,City_Regency
Lima Puluh Kota,86.92,60.16,2019,City_Regency
Pasaman,79.41,62.71,2019,City_Regency
Solok Selatan,86.72,58.1,2019,City_Regency
Dharmasraya,86.18,53.36,2019,City_Regency
Pasaman Barat,85.65,45.57,2019,City_Regency
Kota Padang,76.01,48.11,2019,City_Regency
Kota Solok,78.42,47.12,2019,City_Regency
Kota Sawah Lunto,81.38,58.53,2019,City_Regency
Kota Padang Panjang,78.6,59.79,2019,City_Regency
Kota Bukittinggi,77.06,54.97,2019,City_Regency
Kota Payakumbuh,80.05,57.73,2019,City_Regency
Kota Pariaman,79.65,59.68,2019,City_Regency
RIAU,83.74,45.26,2019,Province
Kuantan Singingi,83.95,44.4,2019,City_Regency
Indragiri Hulu,84.82,46.21,2019,City_Regency
Indragiri Hilir,84.87,42.9,2019,City_Regency
Pelalawan,88.36,48.18,2019,City_Regency
Siak,87.04,41.19,2019,City_Regency
Kampar,81.23,39.47,2019,City_Regency
Rokan Hulu,87.28,47.4,2019,City_Regency
Bengkalis,84.04,43.22,2019,City_Regency
Rokan Hilir,84.55,36.74,2019,City_Regency
Kepulauan Meranti,81.1,53.3,2019,City_Regency
Kota Pekanbaru,78.56,52.76,2019,City_Regency
Kota Dumai,85.57,51.86,2019,City_Regency
JAMBI,84.16,46.74,2019,Province
Kerinci,82.78,50.01,2019,City_Regency
Merangin,85.93,51.02,2019,City_Regency
Sarolangun,85.38,44.54,2019,City_Regency
Batang Hari,82.15,37.68,2019,City_Regency
Muaro Jambi,82.56,34.0,2019,City_Regency
Tanjung Jabung Timur,87.74,50.69,2019,City_Regency
Tanjung Jabung Barat,86.4,53.12,2019,City_Regency
Tebo,87.74,51.51,2019,City_Regency
Bungo,82.41,44.38,2019,City_Regency
Kota Jambi,82.53,50.16,2019,City_Regency
Kota Sungai Penuh,77.24,49.83,2019,City_Regency
SUMATERA SELATAN,83.25,51.68,2019,Province
Ogan Komering Ulu,83.52,52.85,2019,City_Regency
Ogan Komering Ilir,86.34,54.85,2019,City_Regency
Muara Enim,84.73,55.34,2019,City_Regency
Lahat,85.94,55.75,2019,City_Regency
Musi Rawas,86.57,55.45,2019,City_Regency
Musi Banyuasin,85.77,45.51,2019,City_Regency
Banyu Asin,83.45,42.45,2019,City_Regency
Ogan Komering Ulu Selatan,90.42,61.47,2019,City_Regency
Ogan Komering Ulu Timur,83.58,49.41,2019,City_Regency
Ogan Ilir,83.3,62.07,2019,City_Regency
Empat Lawang,83.71,59.01,2019,City_Regency
Penukal Abab Lematang Ilir,83.29,63.83,2019,City_Regency
Musi Rawas Utara,84.96,55.8,2019,City_Regency
Kota Palembang,76.43,45.79,2019,City_Regency
Kota Prabumulih,83.36,55.3,2019,City_Regency
Kota Pagar Alam,82.48,55.32,2019,City_Regency
Kota Lubuklinggau,84.52,56.91,2019,City_Regency
BENGKULU,84.38,55.2,2019,Province
Bengkulu Selatan,82.82,57.28,2019,City_Regency
Rejang Lebong,87.65,65.04,2019,City_Regency
Bengkulu Utara,84.35,46.97,2019,City_Regency
Kaur,85.81,57.54,2019,City_Regency
Seluma,86.74,60.64,2019,City_Regency
Mukomuko,86.83,41.66,2019,City_Regency
Lebong,87.42,61.5,2019,City_Regency
Kepahiang,85.19,65.99,2019,City_Regency
Bengkulu Tengah,84.02,50.56,2019,City_Regency
Kota Bengkulu,78.57,51.86,2019,City_Regency
LAMPUNG,86.24,50.95,2019,Province
Lampung Barat,91.62,65.34,2019,City_Regency
Tanggamus,85.51,50.33,2019,City_Regency
Lampung Selatan,85.19,42.66,2019,City_Regency
Lampung Timur,86.9,49.72,2019,City_Regency
Lampung Tengah,88.61,54.6,2019,City_Regency
Lampung Utara,84.31,51.85,2019,City_Regency
Way Kanan,91.71,59.21,2019,City_Regency
Tulangbawang,87.65,47.17,2019,City_Regency
Pesawaran,85.95,48.14,2019,City_Regency
Pringsewu,85.48,50.87,2019,City_Regency
Mesuji,90.12,44.53,2019,City_Regency
Tulang Bawang Barat,90.6,49.77,2019,City_Regency
Pesisir Barat,87.26,52.5,2019,City_Regency
Kota Bandar Lampung,79.69,51.32,2019,City_Regency
Kota Metro,81.8,54.96,2019,City_Regency
KEP. BANGKA BELITUNG,84.82,48.03,2019,Province
Bangka,81.41,44.48,2019,City_Regency
Belitung,86.29,48.56,2019,City_Regency
Bangka Barat,86.93,43.91,2019,City_Regency
Bangka Tengah,85.81,51.18,2019,City_Regency
Bangka Selatan,87.5,46.39,2019,City_Regency
Belitung Timur,86.5,54.09,2019,City_Regency
Kota Pangkal Pinang,82.32,52.0,2019,City_Regency
KEPULAUAN RIAU,83.18,45.35,2019,Province
Karimun,78.63,36.0,2019,City_Regency
Bintan,79.39,43.01,2019,City_Regency
Natuna,83.74,48.21,2019,City_Regency
Lingga,83.68,45.02,2019,City_Regency
Kepulauan Anambas,82.21,42.44,2019,City_Regency
Kota Batam,85.2,46.85,2019,City_Regency
Kota Tanjung Pinang,77.52,47.11,2019,City_Regency
DKI JAKARTA,80.44,47.62,2019,Province
Kep. Seribu,79.12,35.77,2019,City_Regency
Kota Jakarta Selatan,78.58,47.45,2019,City_Regency
Kota Jakarta Timur,80.4,47.28,2019,City_Regency
Kota Jakarta Pusat,80.49,48.94,2019,City_Regency
Kota Jakarta Barat,80.43,44.69,2019,City_Regency
Kota Jakarta Utara,82.86,51.93,2019,City_Regency
JAWA BARAT,83.25,46.33,2019,Province
Bogor,84.83,44.98,2019,City_Regency
Sukabumi,84.74,40.02,2019,City_Regency
Cianjur,84.4,46.4,2019,City_Regency
Bandung,82.2,48.01,2019,City_Regency
Garut,83.6,41.49,2019,City_Regency
Tasikmalaya,83.92,49.63,2019,City_Regency
Ciamis,84.38,51.17,2019,City_Regency
Kuningan,82.08,40.47,2019,City_Regency
Cirebon,81.99,47.7,2019,City_Regency
Majalengka,83.95,52.02,2019,City_Regency
Sumedang,83.75,44.49,2019,City_Regency
Indramayu,84.39,50.0,2019,City_Regency
Subang,84.64,50.55,2019,City_Regency
Purwakarta,84.41,42.65,2019,City_Regency
Karawang,82.89,43.22,2019,City_Regency
Bekasi,84.11,43.18,2019,City_Regency
Bandung Barat,82.88,40.46,2019,City_Regency
Pangandaran,88.96,61.55,2019,City_Regency
Kota Bogor,81.64,45.3,2019,City_Regency
Kota Sukabumi,80.96,43.62,2019,City_Regency
Kota Bandung,80.74,50.85,2019,City_Regency
Kota Cirebon,79.42,46.24,2019,City_Regency
Kota Bekasi,81.67,49.51,2019,City_Regency
Kota Depok,81.68,48.12,2019,City_Regency
Kota Cimahi,79.69,46.7,2019,City_Regency
Kota Tasikmalaya,82.26,48.22,2019,City_Regency
Kota Banjar,83.23,52.61,2019,City_Regency
JAWA TENGAH,82.78,55.35,2019,Province
Cilacap,83.69,47.1,2019,City_Regency
Banyumas,83.64,51.27,2019,City_Regency
Purbalingga,82.0,54.82,2019,City_Regency
Banjarnegara,84.5,55.72,2019,City_Regency
Kebumen,81.76,56.0,2019,City_Regency
Purworejo,81.96,52.32,2019,City_Regency
Wonosobo,86.13,57.6,2019,City_Regency
Magelang,85.37,64.06,2019,City_Regency
Boyolali,83.72,62.2,2019,City_Regency
Klaten,80.61,58.23,2019,City_Regency
Sukoharjo,80.7,56.67,2019,City_Regency
Wonogiri,85.07,55.78,2019,City_Regency
Karanganyar,82.4,58.42,2019,City_Regency
Sragen,81.47,54.76,2019,City_Regency
Grobogan,86.34,52.76,2019,City_Regency
Blora,84.39,53.46,2019,City_Regency
Rembang,82.57,50.29,2019,City_Regency
Pati,83.44,50.17,2019,City_Regency
Kudus,83.04,61.57,2019,City_Regency
Jepara,82.9,54.2,2019,City_Regency
Demak,81.48,54.43,2019,City_Regency
Semarang,85.36,64.58,2019,City_Regency
Temanggung,87.74,64.73,2019,City_Regency
Kendal,79.97,55.52,2019,City_Regency
Batang,82.99,54.65,2019,City_Regency
Pekalongan,84.24,58.43,2019,City_Regency
Pemalang,83.84,49.36,2019,City_Regency
Tegal,82.07,51.38,2019,City_Regency
Brebes,81.92,50.22,2019,City_Regency
Kota Magelang,72.93,57.33,2019,City_Regency
Kota Surakarta,79.49,59.77,2019,City_Regency
Kota Salatiga,77.56,57.0,2019,City_Regency
Kota Semarang,76.87,57.43,2019,City_Regency
Kota Pekalongan,82.95,62.14,2019,City_Regency
Kota Tegal,81.47,58.17,2019,City_Regency
D I YOGYAKARTA,81.85,63.95,2019,Province
Kulon Progo,85.31,68.26,2019,City_Regency
Bantul,82.0,64.27,2019,City_Regency
Gunung Kidul,87.38,65.87,2019,City_Regency
Sleman,79.58,60.88,2019,City_Regency
Kota Yogyakarta,75.44,63.96,2019,City_Regency
JAWA TIMUR,84.74,55.07,2019,Province
Pacitan,89.0,70.85,2019,City_Regency
Ponorogo,83.54,58.91,2019,City_Regency
Trenggalek,86.12,61.06,2019,City_Regency
Tulungagung,84.09,57.79,2019,City_Regency
Blitar,89.21,56.69,2019,City_Regency
Kediri,86.17,57.35,2019,City_Regency
Malang,85.18,54.85,2019,City_Regency
Lumajang,85.42,48.11,2019,City_Regency
Jember,85.41,49.77,2019,City_Regency
Banyuwangi,86.79,57.77,2019,City_Regency
Bondowoso,91.01,62.05,2019,City_Regency
Situbondo,87.26,58.5,2019,City_Regency
Probolinggo,87.67,51.32,2019,City_Regency
Pasuruan,86.88,51.36,2019,City_Regency
Sidoarjo,83.2,50.75,2019,City_Regency
Mojokerto,87.39,51.72,2019,City_Regency
Jombang,86.62,55.84,2019,City_Regency
Nganjuk,82.56,51.35,2019,City_Regency
Madiun,84.03,57.48,2019,City_Regency
Magetan,84.19,61.29,2019,City_Regency
Ngawi,86.23,59.54,2019,City_Regency
Bojonegoro,87.99,55.19,2019,City_Regency
Tuban,85.63,52.58,2019,City_Regency
Lamongan,83.06,55.97,2019,City_Regency
Gresik,83.72,48.54,2019,City_Regency
Bangkalan,77.56,51.09,2019,City_Regency
Sampang,81.3,53.35,2019,City_Regency
Pamekasan,80.85,57.11,2019,City_Regency
Sumenep,85.72,66.18,2019,City_Regency
Kota Kediri,76.77,53.04,2019,City_Regency
Kota Blitar,81.04,63.6,2019,City_Regency
Kota Malang,79.96,52.79,2019,City_Regency
Kota Probolinggo,78.75,50.1,2019,City_Regency
Kota Pasuruan,82.7,54.06,2019,City_Regency
Kota Mojokerto,78.85,52.04,2019,City_Regency
Kota Madiun,77.32,57.31,2019,City_Regency
Kota Surabaya,81.79,56.22,2019,City_Regency
Kota Batu,84.6,57.64,2019,City_Regency
BANTEN,81.73,45.21,2019,Province
Pandeglang,80.73,40.26,2019,City_Regency
Lebak,83.08,44.71,2019,City_Regency
Tangerang,83.95,47.23,2019,City_Regency
Serang,81.47,44.74,2019,City_Regency
Kota Tangerang,81.69,47.44,2019,City_Regency
Kota Cilegon,80.62,42.51,2019,City_Regency
Kota Serang,81.44,43.01,2019,City_Regency
Kota Tangerang Selatan,77.33,43.64,2019,City_Regency
BALI,81.82,65.67,2019,Province
Jembrana,78.91,56.15,2019,City_Regency
Tabanan,83.12,67.94,2019,City_Regency
Badung,80.95,63.94,2019,City_Regency
Gianyar,82.37,69.78,2019,City_Regency
Klungkung,80.34,71.95,2019,City_Regency
Bangli,85.79,80.38,2019,City_Regency
Karangasem,83.99,77.28,2019,City_Regency
Buleleng,78.41,60.82,2019,City_Regency
Kota Denpasar,83.02,59.88,2019,City_Regency
NUSA TENGGARA BARAT,83.43,56.36,2019,Province
Lombok Barat,84.18,58.24,2019,City_Regency
Lombok Tengah,82.52,62.49,2019,City_Regency
Lombok Timur,83.08,52.55,2019,City_Regency
Sumbawa,86.01,46.94,2019,City_Regency
Dompu,84.5,50.09,2019,City_Regency
Bima,86.93,63.53,2019,City_Regency
Sumbawa Barat,86.2,51.97,2019,City_Regency
Lombok Utara,86.34,60.42,2019,City_Regency
Kota Mataram,76.72,53.12,2019,City_Regency
Kota Bima,82.65,62.04,2019,City_Regency
NUSA TENGGARA TIMUR,81.31,59.74,2019,Province
Sumba Barat,80.59,62.7,2019,City_Regency
Sumba Timur,81.49,57.46,2019,City_Regency
Kupang,77.49,45.35,2019,City_Regency
Timor Tengah Selatan,83.82,59.28,2019,City_Regency
Timor Tengah Utara,83.91,60.52,2019,City_Regency
Belu,78.13,52.59,2019,City_Regency
Alor,78.26,65.72,2019,City_Regency
Lembata,84.41,58.61,2019,City_Regency
Flores Timur,83.69,55.01,2019,City_Regency
Sikka,82.05,54.43,2019,City_Regency
Ende,80.14,67.19,2019,City_Regency
Ngada,84.23,61.69,2019,City_Regency
Manggarai,80.93,64.17,2019,City_Regency
Rote Ndao,81.59,60.02,2019,City_Regency
Manggarai Barat,87.25,62.09,2019,City_Regency
Sumba Tengah,81.84,56.91,2019,City_Regency
Sumba Barat Daya,85.9,73.74,2019,City_Regency
Nagekeo,80.07,58.59,2019,City_Regency
Manggarai Timur,88.66,74.14,2019,City_Regency
Sabu Raijua,76.99,64.89,2019,City_Regency
Malaka,80.79,64.47,2019,City_Regency
Kota Kupang,72.03,49.67,2019,City_Regency
KALIMANTAN BARAT,83.59,52.92,2019,Province
Sambas,85.15,59.09,2019,City_Regency
Bengkayang,86.65,59.0,2019,City_Regency
Landak,81.43,54.85,2019,City_Regency
Mempawah,81.42,44.43,2019,City_Regency
Sanggau,86.17,50.94,2019,City_Regency
Ketapang,85.59,44.0,2019,City_Regency
Sintang,84.54,58.65,2019,City_Regency
Kapuas Hulu,84.78,69.29,2019,City_Regency
Sekadau,89.6,64.35,2019,City_Regency
Melawi,87.73,60.84,2019,City_Regency
Kayong Utara,82.84,49.32,2019,City_Regency
Kubu Raya,82.33,47.04,2019,City_Regency
Kota Pontianak,77.9,45.97,2019,City_Regency
Kota Singkawang,80.22,53.36,2019,City_Regency
KALIMANTAN TENGAH,85.43,51.53,2019,Province
Kotawaringin Barat,88.8,55.32,2019,City_Regency
Kotawaringin Timur,85.06,46.7,2019,City_Regency
Kapuas,83.01,50.52,2019,City_Regency
Barito Selatan,83.94,54.28,2019,City_Regency
Barito Utara,83.72,53.63,2019,City_Regency
Sukamara,86.96,56.34,2019,City_Regency
Lamandau,84.86,48.44,2019,City_Regency
Seruyan,89.75,49.02,2019,City_Regency
Katingan,89.41,49.2,2019,City_Regency
Pulang Pisau,90.06,59.29,2019,City_Regency
Gunung Mas,89.68,54.72,2019,City_Regency
Barito Timur,84.41,63.4,2019,City_Regency
Murung Raya,83.89,46.34,2019,City_Regency
Kota Palangka Raya,78.37,49.0,2019,City_Regency
KALIMANTAN SELATAN,83.22,54.05,2019,Province
Tanah Laut,86.81,50.53,2019,City_Regency
Kotabaru,85.86,47.26,2019,City_Regency
Banjar,82.93,60.61,2019,City_Regency
Barito Kuala,89.69,59.34,2019,City_Regency
Tapin,84.99,53.49,2019,City_Regency
Hulu Sungai Selatan,85.95,56.02,2019,City_Regency
Hulu Sungai Tengah,82.89,57.48,2019,City_Regency
Hulu Sungai Utara,80.88,56.84,2019,City_Regency
Tabalong,83.41,57.2,2019,City_Regency
Tanah Bumbu,84.64,46.54,2019,City_Regency
Balangan,85.98,56.52,2019,City_Regency
Kota Banjarmasin,77.86,52.85,2019,City_Regency
Kota Banjar Baru,77.63,47.03,2019,City_Regency
KALIMANTAN TIMUR,83.04,47.17,2019,Province
Paser,85.08,44.64,2019,City_Regency
Kutai Barat,82.45,49.08,2019,City_Regency
Kutai Kartanegara,83.72,45.73,2019,City_Regency
Kutai Timur,86.49,47.51,2019,City_Regency
Berau,85.91,43.39,2019,City_Regency
Penajam Paser Utara,81.33,45.76,2019,City_Regency
Mahakam Ulu,87.17,49.65,2019,City_Regency
Kota Balikpapan,81.79,48.42,2019,City_Regency
Kota Samarinda,79.99,48.76,2019,City_Regency
Kota Bontang,86.48,47.73,2019,City_Regency
KALIMANTAN UTARA,83.26,45.16,2019,Province
Malinau,82.73,51.05,2019,City_Regency
Bulungan,83.0,46.74,2019,City_Regency
Tana Tidung,84.7,39.07,2019,City_Regency
Nunukan,84.32,46.55,2019,City_Regency
Kota Tarakan,82.59,42.18,2019,City_Regency
SULAWESI UTARA,82.06,45.14,2019,Province
Bolaang Mongondow,86.59,37.07,2019,City_Regency
Minahasa,80.42,45.5,2019,City_Regency
Kepulauan Sangihe,80.97,43.43,2019,City_Regency
Kepulauan Talaud,84.97,56.91,2019,City_Regency
Minahasa Selatan,87.12,52.16,2019,City_Regency
Minahasa Utara,81.31,42.91,2019,City_Regency
Bolaang Mongondow Utara,82.75,44.66,2019,City_Regency
Siau Tagulandang Biaro,81.94,45.69,2019,City_Regency
Minahasa Tenggara,86.98,46.36,2019,City_Regency
Bolaang Mongondow Selatan,84.84,30.28,2019,City_Regency
Bolaang Mongondow Timur,88.1,42.44,2019,City_Regency
Kota Manado,78.97,46.44,2019,City_Regency
Kota Bitung,79.99,43.01,2019,City_Regency
Kota Tomohon,75.31,50.09,2019,City_Regency
Kota Kotamobagu,80.06,46.36,2019,City_Regency
SULAWESI TENGAH,84.65,50.33,2019,Province
Banggai Kepulauan,88.05,59.23,2019,City_Regency
Banggai,84.48,49.29,2019,City_Regency
Morowali,84.44,40.82,2019,City_Regency
Poso,86.9,57.25,2019,City_Regency
Donggala,84.85,45.93,2019,City_Regency
Toli-Toli,84.36,39.7,2019,City_Regency
Buol,87.25,45.89,2019,City_Regency
Parigi Moutong,88.51,46.99,2019,City_Regency
Tojo Una-Una,89.67,67.19,2019,City_Regency
Sigi,85.62,51.87,2019,City_Regency
Banggai Laut,84.58,45.96,2019,City_Regency
Morowali Utara,81.41,48.82,2019,City_Regency
Kota Palu,75.34,55.97,2019,City_Regency
SULAWESI SELATAN,81.72,47.01,2019,Province
Kepulauan Selayar,83.06,49.98,2019,City_Regency
Bulukumba,85.1,52.63,2019,City_Regency
Bantaeng,86.08,60.18,2019,City_Regency
Jeneponto,86.58,49.5,2019,City_Regency
Takalar,85.73,44.27,2019,City_Regency
Gowa,84.9,49.0,2019,City_Regency
Sinjai,84.72,48.61,2019,City_Regency
Maros,84.74,43.8,2019,City_Regency
Pangkajene dan Kepulauan,83.41,42.6,2019,City_Regency
Barru,81.99,39.29,2019,City_Regency
Bone,81.17,42.4,2019,City_Regency
Soppeng,82.31,37.57,2019,City_Regency
Wajo,82.97,44.91,2019,City_Regency
Sidenreng Rappang,82.23,32.01,2019,City_Regency
Pinrang,81.89,38.09,2019,City_Regency
Enrekang,82.06,57.77,2019,City_Regency
Luwu,83.13,49.05,2019,City_Regency
Tana Toraja,84.21,75.07,2019,City_Regency
Luwu Utara,86.62,55.84,2019,City_Regency
Luwu Timur,86.7,46.66,2019,City_Regency
Toraja Utara,75.39,67.77,2019,City_Regency
Kota Makasar,74.15,44.01,2019,City_Regency
Kota Parepare,79.3,49.7,2019,City_Regency
Kota Palopo,76.81,48.02,2019,City_Regency
SULAWESI TENGGARA,83.38,54.98,2019,Province
Buton,77.02,54.98,2019,City_Regency
Muna,76.12,55.87,2019,City_Regency
Konawe,85.77,50.54,2019,City_Regency
Kolaka,86.47,53.72,2019,City_Regency
Konawe Selatan,89.95,52.58,2019,City_Regency
Bombana,85.71,56.5,2019,City_Regency
Wakatobi,82.1,58.7,2019,City_Regency
Kolaka Utara,91.84,66.74,2019,City_Regency
Buton Utara,84.82,59.47,2019,City_Regency
Konawe Utara,86.09,50.37,2019,City_Regency
Kolaka Timur,92.38,61.12,2019,City_Regency
Konawe Kepulauan,79.74,56.79,2019,City_Regency
Muna Barat,80.64,45.95,2019,City_Regency
Buton Tengah,77.99,58.0,2019,City_Regency
Buton Selatan,80.63,51.27,2019,City_Regency
Kota Kendari,76.32,53.2,2019,City_Regency
Kota Baubau,77.64,55.77,2019,City_Regency
GORONTALO,84.77,50.03,2019,Province
Boalemo,87.23,51.31,2019,City_Regency
Gorontalo,83.95,48.85,2019,City_Regency
Pohuwato,89.25,50.23,2019,City_Regency
Bone Bolango,84.29,47.6,2019,City_Regency
Gorontalo Utara,86.12,52.41,2019,City_Regency
Kota Gorontalo,80.71,51.54,2019,City_Regency
SULAWESI BARAT,86.82,52.86,2019,Province
Majene,81.82,54.66,2019,City_Regency
Polewali Mandar,84.53,53.88,2019,City_Regency
Mamasa,87.81,67.15,2019,City_Regency
Mamuju,87.19,46.83,2019,City_Regency
Mamuju Utara / Pasangkayu,91.56,49.76,2019,City_Regency
Mamuju Tengah,91.83,46.27,2019,City_Regency
MALUKU,77.28,50.5,2019,Province
Maluku Tenggara Barat / Kepulauan Tanimbar,78.21,59.24,2019,City_Regency
Maluku Tenggara,71.44,51.38,2019,City_Regency
Maluku Tengah,73.44,44.37,2019,City_Regency
Buru,84.7,47.33,2019,City_Regency
Kepulauan Aru,82.94,53.26,2019,City_Regency
Seram Bagian Barat,85.96,57.51,2019,City_Regency
Seram Bagian Timur,86.01,52.74,2019,City_Regency
Maluku Barat Daya,88.33,64.68,2019,City_Regency
Buru Selatan,86.45,61.46,2019,City_Regency
Kota Ambon,71.17,48.25,2019,City_Regency
Kota Tual,71.4,44.66,2019,City_Regency
MALUKU UTARA,81.63,47.79,2019,Province
Halmahera Barat,81.24,45.23,2019,City_Regency
Halmahera Tengah,85.67,44.67,2019,City_Regency
Kepulauan Sula,80.42,50.01,2019,City_Regency
Halmahera Selatan,86.65,53.1,2019,City_Regency
Halmahera Utara,77.21,40.39,2019,City_Regency
Halmahera Timur,82.83,50.14,2019,City_Regency
Pulau Morotai,79.98,54.06,2019,City_Regency
Pulau Taliabu,89.85,59.25,2019,City_Regency
Kota Ternate,78.55,44.43,2019,City_Regency
Kota Tidore Kepulauan,81.72,48.91,2019,City_Regency
PAPUA BARAT,80.66,53.03,2019,Province
Fakfak,81.53,48.45,2019,City_Regency
Kaimana,82.87,58.2,2019,City_Regency
Teluk Wondama,82.77,54.45,2019,City_Regency
Teluk Bintuni,82.77,45.43,2019,City_Regency
Manokwari,81.07,50.5,2019,City_Regency
Sorong Selatan,84.45,69.78,2019,City_Regency
Sorong,83.36,48.7,2019,City_Regency
Raja Ampat,81.35,51.29,2019,City_Regency
Tambrauw,87.28,63.36,2019,City_Regency
Maybrat,76.28,68.45,2019,City_Regency
Manokwari Selatan,86.74,74.97,2019,City_Regency
Pegunungan Arfak,94.47,88.95,2019,City_Regency
Kota Sorong,75.25,45.39,2019,City_Regency
PAPUA BARAT DAYA,,,2019,Province
Raja Ampat,,,2019,City_Regency
Sorong,,,2019,City_Regency
Sorong Selatan,,,2019,City_Regency
Maybrat,,,2019,City_Regency
Tambrauw,,,2019,City_Regency
Kota Sorong,,,2019,City_Regency
PAPUA,85.99,66.72,2019,Province
Merauke,83.81,49.82,2019,City_Regency
Jayawijaya,88.61,82.34,2019,City_Regency
Jayapura,78.25,51.81,2019,City_Regency
Nabire,82.5,54.92,2019,City_Regency
Kepulauan Yapen,80.04,59.54,2019,City_Regency
Biak Numfor,73.25,45.56,2019,City_Regency
Paniai,88.66,85.06,2019,City_Regency
Puncak Jaya,90.9,58.67,2019,City_Regency
Mimika,86.5,36.88,2019,City_Regency
Boven Digoel,87.59,58.68,2019,City_Regency
Mappi,83.21,53.9,2019,City_Regency
Asmat,91.77,75.85,2019,City_Regency
Yahukimo,92.68,70.93,2019,City_Regency
Pegunungan Bintang,93.31,87.96,2019,City_Regency
Tolikara,92.17,91.96,2019,City_Regency
Sarmi,79.42,43.03,2019,City_Regency
Keerom,87.81,62.39,2019,City_Regency
Waropen,82.07,33.21,2019,City_Regency
Supiori,83.04,50.82,2019,City_Regency
Mamberamo Raya,89.04,52.6,2019,City_Regency
Nduga,97.0,93.58,2019,City_Regency
Lanny Jaya,90.93,94.81,2019,City_Regency
Mamberamo Tengah,89.6,97.04,2019,City_Regency
Yalimo,90.17,89.15,2019,City_Regency
Puncak,87.25,70.9,2019,City_Regency
Dogiyai,91.57,88.72,2019,City_Regency
Intan Jaya,88.11,76.61,2019,City_Regency
Deiyai,91.25,93.97,2019,City_Regency
Kota Jayapura,75.3,48.15,2019,City_Regency
PAPUA SELATAN,,,2019,Province
Merauke,,,2019,City_Regency
Boven Digoel,,,2019,City_Regency
Mappi,,,2019,City_Regency
Asmat,,,2019,City_Regency
PAPUA TENGAH,,,2019,Province
Mimika,,,2019,City_Regency
Dogiyai,,,2019,City_Regency
Deiyai,,,2019,City_Regency
Nabire,,,2019,City_Regency
Paniai,,,2019,City_Regency
Intan Jaya,,,2019,City_Regency
Puncak,,,2019,City_Regency
Puncak Jaya,,,2019,City_Regency
PAPUA PEGUNUNGAN,,,2019,Province
Nduga,,,2019,City_Regency
Jayawijaya,,,2019,City_Regency
Lanny Jaya,,,2019,City_Regency
Tolikara,,,2019,City_Regency
Mamberamo Tengah,,,2019,City_Regency
Yalimo,,,2019,City_Regency
Yahukimo,,,2019,City_Regency
Pegunungan Bintang,,,2019,City_Regency
INDONESIA,83.25,51.81,2019,National
ACEH,81.47,48.94,2020,Province
Simeulue,83.29,56.79,2020,City_Regency
Aceh Singkil,82.36,41.2,2020,City_Regency
Aceh Selatan,79.75,44.13,2020,City_Regency
Aceh Tenggara,81.0,61.98,2020,City_Regency
Aceh Timur,83.39,40.78,2020,City_Regency
Aceh Tengah,89.15,70.5,2020,City_Regency
Aceh Barat,80.02,38.13,2020,City_Regency
Aceh Besar,77.46,41.63,2020,City_Regency
Pidie,78.98,53.36,2020,City_Regency
Bireuen,82.12,53.06,2020,City_Regency
Aceh Utara,77.79,43.55,2020,City_Regency
Aceh Barat Daya,81.05,34.91,2020,City_Regency
Gayo Lues,93.75,79.24,2020,City_Regency
Aceh Tamiang,82.81,46.58,2020,City_Regency
Nagan Raya,87.59,45.18,2020,City_Regency
Aceh Jaya,89.43,59.57,2020,City_Regency
Bener Meriah,93.6,70.93,2020,City_Regency
Pidie Jaya,79.27,46.25,2020,City_Regency
Kota Banda Aceh,75.95,45.97,2020,City_Regency
Kota Sabang,86.06,56.75,2020,City_Regency
Kota Langsa,80.99,52.56,2020,City_Regency
Kota Lhokseumawe,79.61,47.1,2020,City_Regency
Kota Subulussalam,83.54,44.0,2020,City_Regency
SUMATERA UTARA,81.41,56.15,2020,Province
Nias,85.5,77.21,2020,City_Regency
Mandailing Natal,72.58,59.73,2020,City_Regency
Tapanuli Selatan,87.15,70.31,2020,City_Regency
Tapanuli Tengah,76.28,65.57,2020,City_Regency
Tapanuli Utara,85.35,79.18,2020,City_Regency
Toba Samosir / Toba,86.9,75.8,2020,City_Regency
Labuhan Batu,82.11,47.32,2020,City_Regency
Asahan,79.25,39.9,2020,City_Regency
Simalungun,85.28,58.67,2020,City_Regency
Dairi,62.87,77.36,2020,City_Regency
Karo,89.28,78.75,2020,City_Regency
Deli Serdang,83.08,51.26,2020,City_Regency
Langkat,85.02,54.66,2020,City_Regency
Nias Selatan,84.81,69.82,2020,City_Regency
Humbang Hasundutan,87.7,86.58,2020,City_Regency
Pakpak Bharat,94.55,83.33,2020,City_Regency
Samosir,46.51,57.67,2020,City_Regency
Serdang Bedagai,85.52,54.15,2020,City_Regency
Batu Bara,87.77,50.3,2020,City_Regency
Padang Lawas Utara,69.02,63.1,2020,City_Regency
Padang Lawas,88.07,65.84,2020,City_Regency
Labuhan Batu Selatan,78.0,43.1,2020,City_Regency
Labuhan Batu Utara,84.91,50.89,2020,City_Regency
Nias Utara,78.97,68.79,2020,City_Regency
Nias Barat,51.2,52.38,2020,City_Regency
Kota Sibolga,83.22,57.53,2020,City_Regency
Kota Tanjung Balai,84.77,46.7,2020,City_Regency
Kota Pematang Siantar,77.93,63.49,2020,City_Regency
Kota Tebing Tinggi,83.04,56.0,2020,City_Regency
Kota Medan,78.79,49.04,2020,City_Regency
Kota Binjai,82.26,48.25,2020,City_Regency
Kota Padangsidimpuan,81.2,65.87,2020,City_Regency
Kota Gunungsitoli,75.08,51.59,2020,City_Regency
SUMATERA BARAT,82.08,56.24,2020,Province
Kepulauan Mentawai,88.35,74.03,2020,City_Regency
Pesisir Selatan,81.38,49.19,2020,City_Regency
Solok,84.58,65.08,2020,City_Regency
Sijunjung,85.3,56.21,2020,City_Regency
Tanah Datar,81.49,58.2,2020,City_Regency
Padang Pariaman,83.44,51.88,2020,City_Regency
Agam,82.62,58.66,2020,City_Regency
Lima Puluh Kota,84.78,61.08,2020,City_Regency
Pasaman,84.07,62.2,2020,City_Regency
Solok Selatan,85.64,59.42,2020,City_Regency
Dharmasraya,85.67,58.56,2020,City_Regency
Pasaman Barat,83.28,51.31,2020,City_Regency
Kota Padang,77.39,51.35,2020,City_Regency
Kota Solok,79.65,54.3,2020,City_Regency
Kota Sawah Lunto,81.89,59.5,2020,City_Regency
Kota Padang Panjang,79.51,60.39,2020,City_Regency
Kota Bukittinggi,79.96,60.51,2020,City_Regency
Kota Payakumbuh,79.16,58.44,2020,City_Regency
Kota Pariaman,76.97,52.09,2020,City_Regency
RIAU,83.25,46.4,2020,Province
Kuantan Singingi,85.99,49.99,2020,City_Regency
Indragiri Hulu,86.19,49.82,2020,City_Regency
Indragiri Hilir,86.6,50.82,2020,City_Regency
Pelalawan,87.86,47.14,2020,City_Regency
Siak,83.22,41.09,2020,City_Regency
Kampar,84.11,42.64,2020,City_Regency
Rokan Hulu,82.41,47.21,2020,City_Regency
Bengkalis,82.63,48.64,2020,City_Regency
Rokan Hilir,80.6,31.36,2020,City_Regency
Kepulauan Meranti,84.0,51.94,2020,City_Regency
Kota Pekanbaru,79.18,50.84,2020,City_Regency
Kota Dumai,82.49,51.09,2020,City_Regency
JAMBI,84.96,50.04,2020,Province
Kerinci,82.9,56.48,2020,City_Regency
Merangin,87.58,51.96,2020,City_Regency
Sarolangun,85.68,51.14,2020,City_Regency
Batang Hari,85.49,47.82,2020,City_Regency
Muaro Jambi,84.31,37.41,2020,City_Regency
Tanjung Jabung Timur,87.01,60.48,2020,City_Regency
Tanjung Jabung Barat,89.09,59.46,2020,City_Regency
Tebo,88.67,52.55,2020,City_Regency
Bungo,83.95,45.12,2020,City_Regency
Kota Jambi,79.89,48.49,2020,City_Regency
Kota Sungai Penuh,81.89,50.93,2020,City_Regency
SUMATERA SELATAN,82.71,54.25,2020,Province
Ogan Komering Ulu,85.15,55.2,2020,City_Regency
Ogan Komering Ilir,76.91,53.05,2020,City_Regency
Muara Enim,80.99,55.63,2020,City_Regency
Lahat,85.08,58.0,2020,City_Regency
Musi Rawas,89.33,53.45,2020,City_Regency
Musi Banyuasin,86.84,53.64,2020,City_Regency
Banyu Asin,85.65,41.7,2020,City_Regency
Ogan Komering Ulu Selatan,80.67,61.11,2020,City_Regency
Ogan Komering Ulu Timur,86.71,56.08,2020,City_Regency
Ogan Ilir,80.51,59.7,2020,City_Regency
Empat Lawang,84.47,66.89,2020,City_Regency
Penukal Abab Lematang Ilir,85.79,69.8,2020,City_Regency
Musi Rawas Utara,85.89,57.8,2020,City_Regency
Kota Palembang,79.58,51.53,2020,City_Regency
Kota Prabumulih,82.44,56.41,2020,City_Regency
Kota Pagar Alam,71.2,61.26,2020,City_Regency
Kota Lubuklinggau,84.85,55.8,2020,City_Regency
BENGKULU,85.22,57.71,2020,Province
Bengkulu Selatan,82.68,57.51,2020,City_Regency
Rejang Lebong,87.6,68.05,2020,City_Regency
Bengkulu Utara,87.56,55.54,2020,City_Regency
Kaur,81.69,56.47,2020,City_Regency
Seluma,88.19,63.98,2020,City_Regency
Mukomuko,87.19,42.13,2020,City_Regency
Lebong,87.37,60.84,2020,City_Regency
Kepahiang,87.35,70.21,2020,City_Regency
Bengkulu Tengah,87.35,51.13,2020,City_Regency
Kota Bengkulu,79.16,52.84,2020,City_Regency
LAMPUNG,85.41,54.13,2020,Province
Lampung Barat,92.52,73.0,2020,City_Regency
Tanggamus,70.18,48.2,2020,City_Regency
Lampung Selatan,86.45,49.71,2020,City_Regency
Lampung Timur,87.79,56.18,2020,City_Regency
Lampung Tengah,88.84,56.78,2020,City_Regency
Lampung Utara,86.09,49.74,2020,City_Regency
Way Kanan,90.14,58.93,2020,City_Regency
Tulangbawang,87.38,50.74,2020,City_Regency
Pesawaran,85.92,52.08,2020,City_Regency
Pringsewu,85.42,51.18,2020,City_Regency
Mesuji,89.27,49.76,2020,City_Regency
Tulang Bawang Barat,86.81,55.59,2020,City_Regency
Pesisir Barat,86.83,52.32,2020,City_Regency
Kota Bandar Lampung,80.26,55.31,2020,City_Regency
Kota Metro,82.1,56.16,2020,City_Regency
KEP. BANGKA BELITUNG,84.07,48.47,2020,Province
Bangka,82.85,43.45,2020,City_Regency
Belitung,84.94,52.73,2020,City_Regency
Bangka Barat,82.93,47.14,2020,City_Regency
Bangka Tengah,88.43,51.58,2020,City_Regency
Bangka Selatan,86.01,50.44,2020,City_Regency
Belitung Timur,88.27,53.09,2020,City_Regency
Kota Pangkal Pinang,77.91,46.36,2020,City_Regency
KEPULAUAN RIAU,82.86,48.93,2020,Province
Karimun,77.8,41.02,2020,City_Regency
Bintan,82.39,38.36,2020,City_Regency
Natuna,85.49,52.05,2020,City_Regency
Lingga,84.12,44.24,2020,City_Regency
Kepulauan Anambas,85.5,49.9,2020,City_Regency
Kota Batam,84.25,51.69,2020,City_Regency
Kota Tanjung Pinang,77.36,47.49,2020,City_Regency
DKI JAKARTA,80.49,47.47,2020,Province
Kep. Seribu,78.72,42.62,2020,City_Regency
Kota Jakarta Selatan,79.72,48.24,2020,City_Regency
Kota Jakarta Timur,79.28,44.97,2020,City_Regency
Kota Jakarta Pusat,78.03,49.92,2020,City_Regency
Kota Jakarta Barat,82.34,46.45,2020,City_Regency
Kota Jakarta Utara,81.98,50.67,2020,City_Regency
JAWA BARAT,81.9,46.79,2020,Province
Bogor,80.75,43.62,2020,City_Regency
Sukabumi,82.04,40.61,2020,City_Regency
Cianjur,87.07,50.31,2020,City_Regency
Bandung,79.77,44.19,2020,City_Regency
Garut,79.95,42.16,2020,City_Regency
Tasikmalaya,85.01,54.65,2020,City_Regency
Ciamis,86.02,57.47,2020,City_Regency
Kuningan,78.89,45.2,2020,City_Regency
Cirebon,80.07,46.77,2020,City_Regency
Majalengka,84.84,54.77,2020,City_Regency
Sumedang,83.52,54.74,2020,City_Regency
Indramayu,86.25,51.83,2020,City_Regency
Subang,83.73,49.51,2020,City_Regency
Purwakarta,82.06,39.05,2020,City_Regency
Karawang,84.47,44.29,2020,City_Regency
Bekasi,83.22,44.54,2020,City_Regency
Bandung Barat,82.62,36.58,2020,City_Regency
Pangandaran,90.08,63.85,2020,City_Regency
Kota Bogor,78.35,42.87,2020,City_Regency
Kota Sukabumi,72.75,38.39,2020,City_Regency
Kota Bandung,79.41,49.82,2020,City_Regency
Kota Cirebon,77.98,49.75,2020,City_Regency
Kota Bekasi,79.64,49.71,2020,City_Regency
Kota Depok,80.25,47.57,2020,City_Regency
Kota Cimahi,79.02,46.19,2020,City_Regency
Kota Tasikmalaya,81.59,51.47,2020,City_Regency
Kota Banjar,79.58,55.65,2020,City_Regency
JAWA TENGAH,81.68,57.54,2020,Province
Cilacap,83.21,52.45,2020,City_Regency
Banyumas,81.78,51.74,2020,City_Regency
Purbalingga,85.11,55.26,2020,City_Regency
Banjarnegara,84.94,54.47,2020,City_Regency
Kebumen,81.88,57.67,2020,City_Regency
Purworejo,80.4,60.14,2020,City_Regency
Wonosobo,83.97,58.18,2020,City_Regency
Magelang,84.88,68.31,2020,City_Regency
Boyolali,85.3,65.41,2020,City_Regency
Klaten,80.74,56.59,2020,City_Regency
Sukoharjo,79.81,57.99,2020,City_Regency
Wonogiri,85.54,64.64,2020,City_Regency
Karanganyar,84.05,63.42,2020,City_Regency
Sragen,78.74,58.74,2020,City_Regency
Grobogan,80.75,59.18,2020,City_Regency
Blora,86.44,58.06,2020,City_Regency
Rembang,79.46,51.17,2020,City_Regency
Pati,76.74,52.02,2020,City_Regency
Kudus,82.79,66.59,2020,City_Regency
Jepara,83.4,56.66,2020,City_Regency
Demak,83.53,56.52,2020,City_Regency
Semarang,84.24,66.38,2020,City_Regency
Temanggung,59.63,57.82,2020,City_Regency
Kendal,82.04,58.64,2020,City_Regency
Batang,86.48,53.24,2020,City_Regency
Pekalongan,85.21,57.63,2020,City_Regency
Pemalang,81.25,50.48,2020,City_Regency
Tegal,82.24,51.25,2020,City_Regency
Brebes,80.81,52.47,2020,City_Regency
Kota Magelang,75.73,59.85,2020,City_Regency
Kota Surakarta,79.37,59.04,2020,City_Regency
Kota Salatiga,78.16,62.76,2020,City_Regency
Kota Semarang,79.86,60.48,2020,City_Regency
Kota Pekalongan,73.67,59.34,2020,City_Regency
Kota Tegal,75.54,53.97,2020,City_Regency
D I YOGYAKARTA,78.2,64.33,2020,Province
Kulon Progo,86.07,70.16,2020,City_Regency
Bantul,84.26,64.93,2020,City_Regency
Gunung Kidul,65.97,64.7,2020,City_Regency
Sleman,78.32,62.66,2020,City_Regency
Kota Yogyakarta,76.52,61.3,2020,City_Regency
JAWA TIMUR,84.67,56.56,2020,Province
Pacitan,90.1,71.26,2020,City_Regency
Ponorogo,83.0,60.17,2020,City_Regency
Trenggalek,87.44,64.26,2020,City_Regency
Tulungagung,85.37,61.79,2020,City_Regency
Blitar,85.07,56.63,2020,City_Regency
Kediri,85.35,55.95,2020,City_Regency
Malang,86.99,56.13,2020,City_Regency
Lumajang,84.49,50.49,2020,City_Regency
Jember,86.65,50.3,2020,City_Regency
Banyuwangi,87.12,56.8,2020,City_Regency
Bondowoso,89.07,62.08,2020,City_Regency
Situbondo,86.78,60.47,2020,City_Regency
Probolinggo,88.89,57.94,2020,City_Regency
Pasuruan,85.29,50.64,2020,City_Regency
Sidoarjo,81.55,52.78,2020,City_Regency
Mojokerto,86.11,53.64,2020,City_Regency
Jombang,84.53,56.28,2020,City_Regency
Nganjuk,82.61,49.27,2020,City_Regency
Madiun,85.62,57.81,2020,City_Regency
Magetan,83.24,63.91,2020,City_Regency
Ngawi,84.9,61.19,2020,City_Regency
Bojonegoro,88.03,61.65,2020,City_Regency
Tuban,88.16,56.18,2020,City_Regency
Lamongan,83.68,58.94,2020,City_Regency
Gresik,84.85,48.82,2020,City_Regency
Bangkalan,78.89,56.62,2020,City_Regency
Sampang,81.76,59.06,2020,City_Regency
Pamekasan,81.09,59.42,2020,City_Regency
Sumenep,85.85,65.47,2020,City_Regency
Kota Kediri,76.83,55.35,2020,City_Regency
Kota Blitar,79.19,60.24,2020,City_Regency
Kota Malang,78.21,55.1,2020,City_Regency
Kota Probolinggo,82.22,56.47,2020,City_Regency
Kota Pasuruan,82.62,57.94,2020,City_Regency
Kota Mojokerto,80.98,56.11,2020,City_Regency
Kota Madiun,78.8,59.35,2020,City_Regency
Kota Surabaya,81.23,55.35,2020,City_Regency
Kota Batu,84.73,59.75,2020,City_Regency
BANTEN,81.7,46.62,2020,Province
Pandeglang,79.99,39.84,2020,City_Regency
Lebak,86.0,53.16,2020,City_Regency
Tangerang,82.9,47.14,2020,City_Regency
Serang,81.8,44.78,2020,City_Regency
Kota Tangerang,80.79,48.45,2020,City_Regency
Kota Cilegon,80.32,42.44,2020,City_Regency
Kota Serang,81.41,45.24,2020,City_Regency
Kota Tangerang Selatan,78.71,46.14,2020,City_Regency
BALI,80.75,67.86,2020,Province
Jembrana,83.12,68.94,2020,City_Regency
Tabanan,81.26,69.84,2020,City_Regency
Badung,81.25,63.82,2020,City_Regency
Gianyar,78.11,64.36,2020,City_Regency
Klungkung,78.69,72.01,2020,City_Regency
Bangli,86.22,78.11,2020,City_Regency
Karangasem,83.23,78.31,2020,City_Regency
Buleleng,80.87,69.4,2020,City_Regency
Kota Denpasar,78.91,62.55,2020,City_Regency
NUSA TENGGARA BARAT,82.94,58.66,2020,Province
Lombok Barat,81.93,54.38,2020,City_Regency
Lombok Tengah,84.77,66.44,2020,City_Regency
Lombok Timur,82.66,55.81,2020,City_Regency
Sumbawa,83.93,53.03,2020,City_Regency
Dompu,85.24,54.16,2020,City_Regency
Bima,84.37,60.16,2020,City_Regency
Sumbawa Barat,85.41,53.13,2020,City_Regency
Lombok Utara,84.44,62.82,2020,City_Regency
Kota Mataram,76.76,59.41,2020,City_Regency
Kota Bima,83.47,65.22,2020,City_Regency
NUSA TENGGARA TIMUR,82.64,63.91,2020,Province
Sumba Barat,79.69,61.75,2020,City_Regency
Sumba Timur,81.16,62.46,2020,City_Regency
Kupang,83.74,60.01,2020,City_Regency
Timor Tengah Selatan,86.77,62.68,2020,City_Regency
Timor Tengah Utara,85.66,70.85,2020,City_Regency
Belu,82.71,57.79,2020,City_Regency
Alor,80.82,70.17,2020,City_Regency
Lembata,79.44,60.41,2020,City_Regency
Flores Timur,81.99,63.02,2020,City_Regency
Sikka,85.15,63.52,2020,City_Regency
Ende,80.11,65.49,2020,City_Regency
Ngada,80.76,62.86,2020,City_Regency
Manggarai,84.28,69.23,2020,City_Regency
Rote Ndao,83.71,61.99,2020,City_Regency
Manggarai Barat,85.89,71.34,2020,City_Regency
Sumba Tengah,85.34,53.39,2020,City_Regency
Sumba Barat Daya,85.25,70.17,2020,City_Regency
Nagekeo,82.36,58.9,2020,City_Regency
Manggarai Timur,88.72,75.04,2020,City_Regency
Sabu Raijua,80.84,68.97,2020,City_Regency
Malaka,77.86,58.11,2020,City_Regency
Kota Kupang,74.0,53.7,2020,City_Regency
KALIMANTAN BARAT,83.35,53.86,2020,Province
Sambas,85.91,63.3,2020,City_Regency
Bengkayang,87.25,63.29,2020,City_Regency
Landak,84.09,58.32,2020,City_Regency
Mempawah,80.17,47.82,2020,City_Regency
Sanggau,86.07,53.6,2020,City_Regency
Ketapang,82.99,36.94,2020,City_Regency
Sintang,85.45,65.09,2020,City_Regency
Kapuas Hulu,86.06,61.64,2020,City_Regency
Sekadau,89.14,65.29,2020,City_Regency
Melawi,86.45,60.87,2020,City_Regency
Kayong Utara,83.57,46.72,2020,City_Regency
Kubu Raya,83.57,51.59,2020,City_Regency
Kota Pontianak,75.66,44.83,2020,City_Regency
Kota Singkawang,77.02,50.19,2020,City_Regency
KALIMANTAN TENGAH,84.67,50.57,2020,Province
Kotawaringin Barat,89.48,54.41,2020,City_Regency
Kotawaringin Timur,86.04,46.47,2020,City_Regency
Kapuas,85.79,53.67,2020,City_Regency
Barito Selatan,81.61,47.09,2020,City_Regency
Barito Utara,84.89,56.97,2020,City_Regency
Sukamara,82.67,45.7,2020,City_Regency
Lamandau,87.43,50.82,2020,City_Regency
Seruyan,80.44,46.9,2020,City_Regency
Katingan,83.15,43.65,2020,City_Regency
Pulang Pisau,88.21,55.99,2020,City_Regency
Gunung Mas,88.1,51.96,2020,City_Regency
Barito Timur,84.82,70.29,2020,City_Regency
Murung Raya,84.13,41.9,2020,City_Regency
Kota Palangka Raya,78.03,46.86,2020,City_Regency
KALIMANTAN SELATAN,82.91,55.5,2020,Province
Tanah Laut,87.94,55.2,2020,City_Regency
Kotabaru,82.56,45.03,2020,City_Regency
Banjar,82.85,61.93,2020,City_Regency
Barito Kuala,88.98,60.37,2020,City_Regency
Tapin,83.18,57.08,2020,City_Regency
Hulu Sungai Selatan,84.64,61.98,2020,City_Regency
Hulu Sungai Tengah,83.88,58.75,2020,City_Regency
Hulu Sungai Utara,82.1,58.9,2020,City_Regency
Tabalong,81.07,57.28,2020,City_Regency
Tanah Bumbu,85.78,52.86,2020,City_Regency
Balangan,85.48,67.45,2020,City_Regency
Kota Banjarmasin,77.12,47.34,2020,City_Regency
Kota Banjar Baru,79.72,53.27,2020,City_Regency
KALIMANTAN TIMUR,81.52,47.96,2020,Province
Paser,83.94,49.69,2020,City_Regency
Kutai Barat,83.79,56.69,2020,City_Regency
Kutai Kartanegara,78.12,44.1,2020,City_Regency
Kutai Timur,87.16,47.12,2020,City_Regency
Berau,84.77,46.85,2020,City_Regency
Penajam Paser Utara,85.87,50.72,2020,City_Regency
Mahakam Ulu,85.41,65.55,2020,City_Regency
Kota Balikpapan,80.32,44.86,2020,City_Regency
Kota Samarinda,79.17,50.49,2020,City_Regency
Kota Bontang,85.15,51.77,2020,City_Regency
KALIMANTAN UTARA,82.91,47.62,2020,Province
Malinau,81.69,48.17,2020,City_Regency
Bulungan,81.84,50.71,2020,City_Regency
Tana Tidung,85.0,46.27,2020,City_Regency
Nunukan,84.21,46.3,2020,City_Regency
Kota Tarakan,82.61,47.01,2020,City_Regency
SULAWESI UTARA,80.52,45.68,2020,Province
Bolaang Mongondow,84.67,41.42,2020,City_Regency
Minahasa,79.04,44.92,2020,City_Regency
Kepulauan Sangihe,79.3,49.74,2020,City_Regency
Kepulauan Talaud,89.3,72.3,2020,City_Regency
Minahasa Selatan,83.95,49.09,2020,City_Regency
Minahasa Utara,76.39,46.48,2020,City_Regency
Bolaang Mongondow Utara,81.88,46.91,2020,City_Regency
Siau Tagulandang Biaro,83.04,47.84,2020,City_Regency
Minahasa Tenggara,84.59,42.24,2020,City_Regency
Bolaang Mongondow Selatan,84.65,40.21,2020,City_Regency
Bolaang Mongondow Timur,86.26,44.91,2020,City_Regency
Kota Manado,75.97,41.46,2020,City_Regency
Kota Bitung,78.87,43.89,2020,City_Regency
Kota Tomohon,75.02,44.23,2020,City_Regency
Kota Kotamobagu,84.16,48.2,2020,City_Regency
SULAWESI TENGAH,85.82,52.5,2020,Province
Banggai Kepulauan,85.83,60.22,2020,City_Regency
Banggai,84.82,54.42,2020,City_Regency
Morowali,81.12,47.84,2020,City_Regency
Poso,87.11,61.58,2020,City_Regency
Donggala,84.89,42.13,2020,City_Regency
Toli-Toli,86.86,44.45,2020,City_Regency
Buol,88.82,49.68,2020,City_Regency
Parigi Moutong,89.05,55.21,2020,City_Regency
Tojo Una-Una,87.82,62.27,2020,City_Regency
Sigi,86.71,50.8,2020,City_Regency
Banggai Laut,88.16,46.45,2020,City_Regency
Morowali Utara,86.66,51.35,2020,City_Regency
Kota Palu,80.34,52.71,2020,City_Regency
SULAWESI SELATAN,79.66,48.16,2020,Province
Kepulauan Selayar,82.95,54.92,2020,City_Regency
Bulukumba,83.56,54.97,2020,City_Regency
Bantaeng,86.81,60.59,2020,City_Regency
Jeneponto,85.74,53.44,2020,City_Regency
Takalar,78.39,48.74,2020,City_Regency
Gowa,84.18,51.83,2020,City_Regency
Sinjai,85.39,55.68,2020,City_Regency
Maros,82.45,43.63,2020,City_Regency
Pangkajene dan Kepulauan,80.48,48.71,2020,City_Regency
Barru,78.03,38.56,2020,City_Regency
Bone,71.85,50.64,2020,City_Regency
Soppeng,82.05,35.59,2020,City_Regency
Wajo,86.33,47.88,2020,City_Regency
Sidenreng Rappang,81.55,34.01,2020,City_Regency
Pinrang,82.64,37.47,2020,City_Regency
Enrekang,85.3,56.29,2020,City_Regency
Luwu,79.89,43.11,2020,City_Regency
Tana Toraja,75.5,70.94,2020,City_Regency
Luwu Utara,71.12,45.97,2020,City_Regency
Luwu Timur,86.59,56.96,2020,City_Regency
Toraja Utara,68.27,66.74,2020,City_Regency
Kota Makasar,75.44,41.15,2020,City_Regency
Kota Parepare,79.99,51.79,2020,City_Regency
Kota Palopo,76.23,47.14,2020,City_Regency
SULAWESI TENGGARA,83.8,56.02,2020,Province
Buton,78.03,53.19,2020,City_Regency
Muna,76.56,51.87,2020,City_Regency
Konawe,85.22,50.47,2020,City_Regency
Kolaka,87.42,57.46,2020,City_Regency
Konawe Selatan,87.7,53.96,2020,City_Regency
Bombana,88.67,55.64,2020,City_Regency
Wakatobi,81.02,56.7,2020,City_Regency
Kolaka Utara,93.06,70.79,2020,City_Regency
Buton Utara,87.4,65.74,2020,City_Regency
Konawe Utara,90.14,57.02,2020,City_Regency
Kolaka Timur,91.05,63.26,2020,City_Regency
Konawe Kepulauan,85.55,55.86,2020,City_Regency
Muna Barat,85.16,64.42,2020,City_Regency
Buton Tengah,76.75,55.82,2020,City_Regency
Buton Selatan,85.21,61.37,2020,City_Regency
Kota Kendari,76.72,51.43,2020,City_Regency
Kota Baubau,76.27,54.72,2020,City_Regency
GORONTALO,83.02,49.95,2020,Province
Boalemo,79.76,54.13,2020,City_Regency
Gorontalo,83.62,48.34,2020,City_Regency
Pohuwato,87.98,53.08,2020,City_Regency
Bone Bolango,82.35,45.12,2020,City_Regency
Gorontalo Utara,87.13,51.4,2020,City_Regency
Kota Gorontalo,79.18,50.23,2020,City_Regency
SULAWESI BARAT,85.29,55.02,2020,Province
Majene,82.23,55.04,2020,City_Regency
Polewali Mandar,86.45,57.37,2020,City_Regency
Mamasa,86.62,69.93,2020,City_Regency
Mamuju,79.51,51.51,2020,City_Regency
Mamuju Utara / Pasangkayu,90.06,45.56,2020,City_Regency
Mamuju Tengah,89.9,48.04,2020,City_Regency
MALUKU,76.49,53.52,2020,Province
Maluku Tenggara Barat / Kepulauan Tanimbar,81.21,63.56,2020,City_Regency
Maluku Tenggara,74.02,57.07,2020,City_Regency
Maluku Tengah,73.28,46.1,2020,City_Regency
Buru,86.61,55.91,2020,City_Regency
Kepulauan Aru,81.96,55.55,2020,City_Regency
Seram Bagian Barat,83.06,60.21,2020,City_Regency
Seram Bagian Timur,80.89,54.78,2020,City_Regency
Maluku Barat Daya,77.83,63.66,2020,City_Regency
Buru Selatan,84.19,63.29,2020,City_Regency
Kota Ambon,70.65,50.55,2020,City_Regency
Kota Tual,72.96,51.6,2020,City_Regency
MALUKU UTARA,81.3,46.57,2020,Province
Halmahera Barat,82.55,46.08,2020,City_Regency
Halmahera Tengah,86.17,50.52,2020,City_Regency
Kepulauan Sula,79.91,38.87,2020,City_Regency
Halmahera Selatan,84.81,51.13,2020,City_Regency
Halmahera Utara,79.17,44.0,2020,City_Regency
Halmahera Timur,84.39,45.45,2020,City_Regency
Pulau Morotai,77.47,48.87,2020,City_Regency
Pulau Taliabu,90.12,54.12,2020,City_Regency
Kota Ternate,76.11,43.22,2020,City_Regency
Kota Tidore Kepulauan,82.77,51.35,2020,City_Regency
PAPUA BARAT,80.36,57.27,2020,Province
Fakfak,80.74,54.88,2020,City_Regency
Kaimana,85.01,62.13,2020,City_Regency
Teluk Wondama,85.35,64.32,2020,City_Regency
Teluk Bintuni,81.73,53.34,2020,City_Regency
Manokwari,82.15,56.52,2020,City_Regency
Sorong Selatan,80.1,59.88,2020,City_Regency
Sorong,73.26,53.75,2020,City_Regency
Raja Ampat,82.9,58.98,2020,City_Regency
Tambrauw,86.76,59.24,2020,City_Regency
Maybrat,82.84,73.63,2020,City_Regency
Manokwari Selatan,87.39,77.61,2020,City_Regency
Pegunungan Arfak,96.2,94.55,2020,City_Regency
Kota Sorong,75.9,48.36,2020,City_Regency
PAPUA BARAT DAYA,,,2020,Province
Raja Ampat,,,2020,City_Regency
Sorong,,,2020,City_Regency
Sorong Selatan,,,2020,City_Regency
Maybrat,,,2020,City_Regency
Tambrauw,,,2020,City_Regency
Kota Sorong,,,2020,City_Regency
PAPUA,79.84,63.47,2020,Province
Merauke,84.47,54.3,2020,City_Regency
Jayawijaya,87.62,75.98,2020,City_Regency
Jayapura,74.2,51.7,2020,City_Regency
Nabire,87.55,58.5,2020,City_Regency
Kepulauan Yapen,67.31,52.93,2020,City_Regency
Biak Numfor,70.95,56.21,2020,City_Regency
Paniai,64.78,50.99,2020,City_Regency
Puncak Jaya,95.99,71.73,2020,City_Regency
Mimika,81.22,38.84,2020,City_Regency
Boven Digoel,89.41,58.8,2020,City_Regency
Mappi,80.11,47.58,2020,City_Regency
Asmat,87.89,75.28,2020,City_Regency
Yahukimo,92.9,78.07,2020,City_Regency
Pegunungan Bintang,87.77,84.92,2020,City_Regency
Tolikara,92.72,93.18,2020,City_Regency
Sarmi,83.31,47.88,2020,City_Regency
Keerom,86.95,64.48,2020,City_Regency
Waropen,81.0,38.33,2020,City_Regency
Supiori,77.99,60.38,2020,City_Regency
Mamberamo Raya,78.41,44.22,2020,City_Regency
Nduga,95.44,97.24,2020,City_Regency
Lanny Jaya,29.01,45.32,2020,City_Regency
Mamberamo Tengah,68.94,93.56,2020,City_Regency
Yalimo,89.46,88.49,2020,City_Regency
Puncak,88.78,82.79,2020,City_Regency
Dogiyai,84.49,80.51,2020,City_Regency
Intan Jaya,82.57,55.57,2020,City_Regency
Deiyai,89.76,89.54,2020,City_Regency
Kota Jayapura,74.26,50.07,2020,City_Regency
PAPUA SELATAN,,,2020,Province
Merauke,,,2020,City_Regency
Boven Digoel,,,2020,City_Regency
Mappi,,,2020,City_Regency
Asmat,,,2020,City_Regency
PAPUA TENGAH,,,2020,Province
Mimika,,,2020,City_Regency
Dogiyai,,,2020,City_Regency
Deiyai,,,2020,City_Regency
Nabire,,,2020,City_Regency
Paniai,,,2020,City_Regency
Intan Jaya,,,2020,City_Regency
Puncak,,,2020,City_Regency
Puncak Jaya,,,2020,City_Regency
PAPUA PEGUNUNGAN,,,2020,Province
Nduga,,,2020,City_Regency
Jayawijaya,,,2020,City_Regency
Lanny Jaya,,,2020,City_Regency
Tolikara,,,2020,City_Regency
Mamberamo Tengah,,,2020,City_Regency
Yalimo,,,2020,City_Regency
Yahukimo,,,2020,City_Regency
Pegunungan Bintang,,,2020,City_Regency
INDONESIA,82.41,53.13,2020,National
ACEH,79.4,48.36,2021,Province
Simeulue,82.29,59.46,2021,City_Regency
Aceh Singkil,82.46,42.85,2021,City_Regency
Aceh Selatan,77.52,45.14,2021,City_Regency
Aceh Tenggara,78.7,60.83,2021,City_Regency
Aceh Timur,79.35,39.86,2021,City_Regency
Aceh Tengah,85.77,66.55,2021,City_Regency
Aceh Barat,78.64,40.85,2021,City_Regency
Aceh Besar,75.74,46.83,2021,City_Regency
Pidie,76.03,46.08,2021,City_Regency
Bireuen,81.82,51.11,2021,City_Regency
Aceh Utara,75.69,41.95,2021,City_Regency
Aceh Barat Daya,80.34,36.11,2021,City_Regency
Gayo Lues,89.7,68.53,2021,City_Regency
Aceh Tamiang,82.55,50.03,2021,City_Regency
Nagan Raya,85.47,44.14,2021,City_Regency
Aceh Jaya,87.95,55.49,2021,City_Regency
Bener Meriah,88.64,65.98,2021,City_Regency
Pidie Jaya,74.02,42.71,2021,City_Regency
Kota Banda Aceh,73.82,51.3,2021,City_Regency
Kota Sabang,76.41,50.7,2021,City_Regency
Kota Langsa,79.82,54.63,2021,City_Regency
Kota Lhokseumawe,80.02,48.15,2021,City_Regency
Kota Subulussalam,82.25,45.07,2021,City_Regency
SUMATERA UTARA,81.9,56.5,2021,Province
Nias,86.36,77.61,2021,City_Regency
Mandailing Natal,79.91,60.31,2021,City_Regency
Tapanuli Selatan,86.45,62.69,2021,City_Regency
Tapanuli Tengah,80.23,69.89,2021,City_Regency
Tapanuli Utara,86.84,78.65,2021,City_Regency
Toba Samosir / Toba,84.88,76.06,2021,City_Regency
Labuhan Batu,80.21,43.06,2021,City_Regency
Asahan,83.35,42.58,2021,City_Regency
Simalungun,85.25,60.12,2021,City_Regency
Dairi,87.86,83.67,2021,City_Regency
Karo,88.07,81.16,2021,City_Regency
Deli Serdang,83.06,50.36,2021,City_Regency
Langkat,84.25,53.8,2021,City_Regency
Nias Selatan,78.11,66.67,2021,City_Regency
Humbang Hasundutan,84.92,83.46,2021,City_Regency
Pakpak Bharat,92.83,82.45,2021,City_Regency
Samosir,84.95,83.82,2021,City_Regency
Serdang Bedagai,82.34,51.17,2021,City_Regency
Batu Bara,86.45,53.41,2021,City_Regency
Padang Lawas Utara,87.01,66.79,2021,City_Regency
Padang Lawas,85.37,65.14,2021,City_Regency
Labuhan Batu Selatan,83.12,48.84,2021,City_Regency
Labuhan Batu Utara,84.1,46.94,2021,City_Regency
Nias Utara,78.87,69.93,2021,City_Regency
Nias Barat,84.29,80.16,2021,City_Regency
Kota Sibolga,83.61,58.77,2021,City_Regency
Kota Tanjung Balai,82.14,50.81,2021,City_Regency
Kota Pematang Siantar,77.08,61.09,2021,City_Regency
Kota Tebing Tinggi,81.17,53.69,2021,City_Regency
Kota Medan,75.12,49.7,2021,City_Regency
Kota Binjai,78.58,47.17,2021,City_Regency
Kota Padangsidimpuan,76.95,61.03,2021,City_Regency
Kota Gunungsitoli,74.62,52.25,2021,City_Regency
SUMATERA BARAT,80.67,55.04,2021,Province
Kepulauan Mentawai,88.68,75.74,2021,City_Regency
Pesisir Selatan,80.68,52.97,2021,City_Regency
Solok,82.98,59.87,2021,City_Regency
Sijunjung,83.88,56.33,2021,City_Regency
Tanah Datar,80.9,53.84,2021,City_Regency
Padang Pariaman,79.5,50.64,2021,City_Regency
Agam,80.16,53.58,2021,City_Regency
Lima Puluh Kota,84.21,58.85,2021,City_Regency
Pasaman,82.01,57.05,2021,City_Regency
Solok Selatan,85.82,58.08,2021,City_Regency
Dharmasraya,85.43,59.47,2021,City_Regency
Pasaman Barat,82.55,50.92,2021,City_Regency
Kota Padang,75.69,51.98,2021,City_Regency
Kota Solok,77.72,55.66,2021,City_Regency
Kota Sawah Lunto,80.81,55.55,2021,City_Regency
Kota Padang Panjang,76.8,55.38,2021,City_Regency
Kota Bukittinggi,77.07,58.51,2021,City_Regency
Kota Payakumbuh,81.71,61.96,2021,City_Regency
Kota Pariaman,73.0,52.97,2021,City_Regency
RIAU,82.15,47.14,2021,Province
Kuantan Singingi,82.24,51.34,2021,City_Regency
Indragiri Hulu,83.7,52.51,2021,City_Regency
Indragiri Hilir,85.4,50.85,2021,City_Regency
Pelalawan,86.9,50.22,2021,City_Regency
Siak,83.99,44.19,2021,City_Regency
Kampar,83.13,42.2,2021,City_Regency
Rokan Hulu,85.13,46.94,2021,City_Regency
Bengkalis,83.32,49.48,2021,City_Regency
Rokan Hilir,83.1,37.35,2021,City_Regency
Kepulauan Meranti,79.46,51.2,2021,City_Regency
Kota Pekanbaru,74.3,48.54,2021,City_Regency
Kota Dumai,79.6,49.55,2021,City_Regency
JAMBI,83.91,49.89,2021,Province
Kerinci,83.92,58.06,2021,City_Regency
Merangin,86.94,52.06,2021,City_Regency
Sarolangun,83.14,46.33,2021,City_Regency
Batang Hari,85.24,51.68,2021,City_Regency
Muaro Jambi,83.48,40.77,2021,City_Regency
Tanjung Jabung Timur,86.03,55.4,2021,City_Regency
Tanjung Jabung Barat,87.75,59.0,2021,City_Regency
Tebo,87.6,52.63,2021,City_Regency
Bungo,82.45,44.06,2021,City_Regency
Kota Jambi,78.73,47.68,2021,City_Regency
Kota Sungai Penuh,78.3,52.29,2021,City_Regency
SUMATERA SELATAN,82.66,54.54,2021,Province
Ogan Komering Ulu,84.07,55.24,2021,City_Regency
Ogan Komering Ilir,84.94,53.74,2021,City_Regency
Muara Enim,83.65,55.18,2021,City_Regency
Lahat,81.67,56.97,2021,City_Regency
Musi Rawas,86.37,53.94,2021,City_Regency
Musi Banyuasin,85.28,52.27,2021,City_Regency
Banyu Asin,84.55,45.73,2021,City_Regency
Ogan Komering Ulu Selatan,89.08,61.48,2021,City_Regency
Ogan Komering Ulu Timur,86.73,55.24,2021,City_Regency
Ogan Ilir,79.56,57.59,2021,City_Regency
Empat Lawang,82.14,61.98,2021,City_Regency
Penukal Abab Lematang Ilir,80.75,65.65,2021,City_Regency
Musi Rawas Utara,80.92,58.43,2021,City_Regency
Kota Palembang,75.9,52.21,2021,City_Regency
Kota Prabumulih,79.76,59.09,2021,City_Regency
Kota Pagar Alam,85.21,62.63,2021,City_Regency
Kota Lubuklinggau,86.85,60.49,2021,City_Regency
BENGKULU,83.54,55.45,2021,Province
Bengkulu Selatan,83.38,64.51,2021,City_Regency
Rejang Lebong,85.76,66.22,2021,City_Regency
Bengkulu Utara,86.49,47.72,2021,City_Regency
Kaur,82.01,55.63,2021,City_Regency
Seluma,84.88,54.51,2021,City_Regency
Mukomuko,84.64,41.57,2021,City_Regency
Lebong,86.01,57.42,2021,City_Regency
Kepahiang,85.96,64.73,2021,City_Regency
Bengkulu Tengah,85.33,48.38,2021,City_Regency
Kota Bengkulu,76.5,54.37,2021,City_Regency
LAMPUNG,85.55,52.36,2021,Province
Lampung Barat,91.89,73.22,2021,City_Regency
Tanggamus,86.12,49.71,2021,City_Regency
Lampung Selatan,85.29,45.84,2021,City_Regency
Lampung Timur,86.01,50.63,2021,City_Regency
Lampung Tengah,88.45,55.64,2021,City_Regency
Lampung Utara,85.56,47.45,2021,City_Regency
Way Kanan,90.69,57.47,2021,City_Regency
Tulangbawang,86.87,48.17,2021,City_Regency
Pesawaran,81.72,48.02,2021,City_Regency
Pringsewu,84.66,48.61,2021,City_Regency
Mesuji,88.99,47.2,2021,City_Regency
Tulang Bawang Barat,86.23,57.66,2021,City_Regency
Pesisir Barat,86.34,61.52,2021,City_Regency
Kota Bandar Lampung,78.58,55.78,2021,City_Regency
Kota Metro,80.99,52.72,2021,City_Regency
KEP. BANGKA BELITUNG,83.68,46.86,2021,Province
Bangka,82.04,41.84,2021,City_Regency
Belitung,84.85,46.62,2021,City_Regency
Bangka Barat,82.81,47.8,2021,City_Regency
Bangka Tengah,85.77,44.74,2021,City_Regency
Bangka Selatan,86.97,49.7,2021,City_Regency
Belitung Timur,84.86,52.46,2021,City_Regency
Kota Pangkal Pinang,80.27,49.65,2021,City_Regency
KEPULAUAN RIAU,83.93,51.92,2021,Province
Karimun,79.27,41.76,2021,City_Regency
Bintan,82.32,42.75,2021,City_Regency
Natuna,86.13,57.45,2021,City_Regency
Lingga,83.44,44.85,2021,City_Regency
Kepulauan Anambas,83.73,55.72,2021,City_Regency
Kota Batam,86.09,55.37,2021,City_Regency
Kota Tanjung Pinang,74.63,46.26,2021,City_Regency
DKI JAKARTA,78.31,47.34,2021,Province
Kep. Seribu,82.51,48.4,2021,City_Regency
Kota Jakarta Selatan,76.48,46.8,2021,City_Regency
Kota Jakarta Timur,77.44,44.62,2021,City_Regency
Kota Jakarta Pusat,77.45,49.34,2021,City_Regency
Kota Jakarta Barat,79.41,47.17,2021,City_Regency
Kota Jakarta Utara,80.84,51.47,2021,City_Regency
JAWA BARAT,81.68,47.88,2021,Province
Bogor,80.85,43.31,2021,City_Regency
Sukabumi,84.26,45.14,2021,City_Regency
Cianjur,85.01,49.86,2021,City_Regency
Bandung,83.08,46.73,2021,City_Regency
Garut,81.15,44.28,2021,City_Regency
Tasikmalaya,85.54,51.47,2021,City_Regency
Ciamis,86.5,53.92,2021,City_Regency
Kuningan,82.39,45.41,2021,City_Regency
Cirebon,79.82,48.48,2021,City_Regency
Majalengka,81.31,54.22,2021,City_Regency
Sumedang,82.22,55.1,2021,City_Regency
Indramayu,85.13,53.7,2021,City_Regency
Subang,85.64,49.77,2021,City_Regency
Purwakarta,79.12,42.55,2021,City_Regency
Karawang,82.95,44.47,2021,City_Regency
Bekasi,80.71,50.49,2021,City_Regency
Bandung Barat,80.76,40.2,2021,City_Regency
Pangandaran,87.65,62.18,2021,City_Regency
Kota Bogor,77.91,45.26,2021,City_Regency
Kota Sukabumi,71.83,41.62,2021,City_Regency
Kota Bandung,80.44,50.0,2021,City_Regency
Kota Cirebon,76.18,49.76,2021,City_Regency
Kota Bekasi,80.26,49.11,2021,City_Regency
Kota Depok,77.24,47.92,2021,City_Regency
Kota Cimahi,77.43,46.05,2021,City_Regency
Kota Tasikmalaya,79.84,51.65,2021,City_Regency
Kota Banjar,76.31,52.36,2021,City_Regency
JAWA TENGAH,81.94,57.58,2021,Province
Cilacap,78.9,46.99,2021,City_Regency
Banyumas,80.37,49.95,2021,City_Regency
Purbalingga,84.17,55.42,2021,City_Regency
Banjarnegara,84.93,54.61,2021,City_Regency
Kebumen,80.22,55.59,2021,City_Regency
Purworejo,84.49,62.57,2021,City_Regency
Wonosobo,82.52,58.66,2021,City_Regency
Magelang,85.14,66.4,2021,City_Regency
Boyolali,86.13,65.93,2021,City_Regency
Klaten,77.83,56.54,2021,City_Regency
Sukoharjo,79.1,58.75,2021,City_Regency
Wonogiri,83.35,63.58,2021,City_Regency
Karanganyar,81.88,64.72,2021,City_Regency
Sragen,81.64,62.41,2021,City_Regency
Grobogan,85.05,61.13,2021,City_Regency
Blora,84.23,57.49,2021,City_Regency
Rembang,84.1,57.49,2021,City_Regency
Pati,82.87,56.26,2021,City_Regency
Kudus,82.01,67.86,2021,City_Regency
Jepara,83.56,55.75,2021,City_Regency
Demak,81.2,51.75,2021,City_Regency
Semarang,85.5,63.29,2021,City_Regency
Temanggung,86.14,61.88,2021,City_Regency
Kendal,80.74,58.8,2021,City_Regency
Batang,85.49,57.45,2021,City_Regency
Pekalongan,84.94,58.33,2021,City_Regency
Pemalang,80.19,52.14,2021,City_Regency
Tegal,79.39,53.46,2021,City_Regency
Brebes,77.33,50.57,2021,City_Regency
Kota Magelang,74.48,59.98,2021,City_Regency
Kota Surakarta,78.05,56.51,2021,City_Regency
Kota Salatiga,76.97,64.14,2021,City_Regency
Kota Semarang,79.99,59.42,2021,City_Regency
Kota Pekalongan,85.76,65.93,2021,City_Regency
Kota Tegal,81.31,55.63,2021,City_Regency
D I YOGYAKARTA,82.83,64.59,2021,Province
Kulon Progo,85.65,68.32,2021,City_Regency
Bantul,83.08,60.54,2021,City_Regency
Gunung Kidul,85.19,67.65,2021,City_Regency
Sleman,81.6,64.47,2021,City_Regency
Kota Yogyakarta,79.17,65.11,2021,City_Regency
JAWA TIMUR,84.46,56.11,2021,Province
Pacitan,89.95,71.81,2021,City_Regency
Ponorogo,83.33,62.06,2021,City_Regency
Trenggalek,85.69,59.32,2021,City_Regency
Tulungagung,84.21,61.11,2021,City_Regency
Blitar,86.15,54.77,2021,City_Regency
Kediri,83.33,55.34,2021,City_Regency
Malang,85.08,51.79,2021,City_Regency
Lumajang,84.61,48.97,2021,City_Regency
Jember,86.35,52.41,2021,City_Regency
Banyuwangi,88.34,56.63,2021,City_Regency
Bondowoso,88.06,60.7,2021,City_Regency
Situbondo,85.98,58.22,2021,City_Regency
Probolinggo,88.79,58.71,2021,City_Regency
Pasuruan,85.59,53.02,2021,City_Regency
Sidoarjo,82.06,50.86,2021,City_Regency
Mojokerto,85.5,55.6,2021,City_Regency
Jombang,85.71,56.02,2021,City_Regency
Nganjuk,81.03,47.82,2021,City_Regency
Madiun,82.76,53.4,2021,City_Regency
Magetan,83.9,63.45,2021,City_Regency
Ngawi,84.68,61.78,2021,City_Regency
Bojonegoro,85.91,58.28,2021,City_Regency
Tuban,89.44,58.73,2021,City_Regency
Lamongan,83.26,59.17,2021,City_Regency
Gresik,85.55,53.86,2021,City_Regency
Bangkalan,79.76,58.95,2021,City_Regency
Sampang,82.37,59.07,2021,City_Regency
Pamekasan,79.02,53.77,2021,City_Regency
Sumenep,84.82,67.54,2021,City_Regency
Kota Kediri,80.24,54.68,2021,City_Regency
Kota Blitar,81.32,59.04,2021,City_Regency
Kota Malang,79.74,55.95,2021,City_Regency
Kota Probolinggo,85.23,54.84,2021,City_Regency
Kota Pasuruan,84.82,58.98,2021,City_Regency
Kota Mojokerto,79.26,55.55,2021,City_Regency
Kota Madiun,75.16,59.31,2021,City_Regency
Kota Surabaya,81.69,53.44,2021,City_Regency
Kota Batu,86.04,61.26,2021,City_Regency
BANTEN,80.16,46.84,2021,Province
Pandeglang,81.71,42.26,2021,City_Regency
Lebak,82.33,50.45,2021,City_Regency
Tangerang,81.0,46.08,2021,City_Regency
Serang,80.67,46.78,2021,City_Regency
Kota Tangerang,79.28,49.14,2021,City_Regency
Kota Cilegon,78.39,43.57,2021,City_Regency
Kota Serang,78.47,45.03,2021,City_Regency
Kota Tangerang Selatan,77.61,47.41,2021,City_Regency
BALI,79.44,67.61,2021,Province
Jembrana,90.38,72.42,2021,City_Regency
Tabanan,81.43,68.72,2021,City_Regency
Badung,77.65,67.21,2021,City_Regency
Gianyar,76.13,63.55,2021,City_Regency
Klungkung,75.38,70.39,2021,City_Regency
Bangli,84.98,79.16,2021,City_Regency
Karangasem,84.65,77.7,2021,City_Regency
Buleleng,80.35,66.0,2021,City_Regency
Kota Denpasar,75.33,61.71,2021,City_Regency
NUSA TENGGARA BARAT,82.58,59.18,2021,Province
Lombok Barat,83.24,58.14,2021,City_Regency
Lombok Tengah,85.77,65.54,2021,City_Regency
Lombok Timur,82.5,58.42,2021,City_Regency
Sumbawa,82.2,50.13,2021,City_Regency
Dompu,84.81,49.4,2021,City_Regency
Bima,82.74,60.48,2021,City_Regency
Sumbawa Barat,85.11,56.05,2021,City_Regency
Lombok Utara,84.27,62.6,2021,City_Regency
Kota Mataram,73.22,58.0,2021,City_Regency
Kota Bima,84.92,66.19,2021,City_Regency
NUSA TENGGARA TIMUR,82.53,65.34,2021,Province
Sumba Barat,81.76,65.93,2021,City_Regency
Sumba Timur,81.28,62.88,2021,City_Regency
Kupang,86.45,60.39,2021,City_Regency
Timor Tengah Selatan,86.86,70.66,2021,City_Regency
Timor Tengah Utara,85.28,71.8,2021,City_Regency
Belu,83.06,58.62,2021,City_Regency
Alor,78.6,66.67,2021,City_Regency
Lembata,82.71,56.46,2021,City_Regency
Flores Timur,82.16,62.88,2021,City_Regency
Sikka,82.81,66.43,2021,City_Regency
Ende,84.35,71.8,2021,City_Regency
Ngada,80.38,65.19,2021,City_Regency
Manggarai,83.53,72.02,2021,City_Regency
Rote Ndao,85.66,62.16,2021,City_Regency
Manggarai Barat,81.27,65.34,2021,City_Regency
Sumba Tengah,80.84,56.46,2021,City_Regency
Sumba Barat Daya,89.19,77.17,2021,City_Regency
Nagekeo,77.9,57.51,2021,City_Regency
Manggarai Timur,88.33,75.84,2021,City_Regency
Sabu Raijua,74.12,63.17,2021,City_Regency
Malaka,79.96,61.21,2021,City_Regency
Kota Kupang,71.68,52.45,2021,City_Regency
KALIMANTAN BARAT,83.05,53.43,2021,Province
Sambas,85.46,60.96,2021,City_Regency
Bengkayang,82.69,56.43,2021,City_Regency
Landak,81.83,57.46,2021,City_Regency
Mempawah,80.4,41.0,2021,City_Regency
Sanggau,84.24,53.59,2021,City_Regency
Ketapang,83.75,43.83,2021,City_Regency
Sintang,88.03,66.93,2021,City_Regency
Kapuas Hulu,85.97,58.39,2021,City_Regency
Sekadau,85.05,58.16,2021,City_Regency
Melawi,86.76,57.31,2021,City_Regency
Kayong Utara,84.19,46.17,2021,City_Regency
Kubu Raya,83.53,51.18,2021,City_Regency
Kota Pontianak,76.43,47.84,2021,City_Regency
Kota Singkawang,78.49,49.68,2021,City_Regency
KALIMANTAN TENGAH,84.7,51.12,2021,Province
Kotawaringin Barat,86.46,51.39,2021,City_Regency
Kotawaringin Timur,84.42,46.59,2021,City_Regency
Kapuas,85.89,53.98,2021,City_Regency
Barito Selatan,83.13,43.1,2021,City_Regency
Barito Utara,86.35,53.15,2021,City_Regency
Sukamara,85.04,56.69,2021,City_Regency
Lamandau,88.06,50.05,2021,City_Regency
Seruyan,87.48,52.66,2021,City_Regency
Katingan,84.11,42.25,2021,City_Regency
Pulang Pisau,87.72,57.81,2021,City_Regency
Gunung Mas,85.77,51.41,2021,City_Regency
Barito Timur,85.36,71.18,2021,City_Regency
Murung Raya,86.37,47.14,2021,City_Regency
Kota Palangka Raya,76.3,49.9,2021,City_Regency
KALIMANTAN SELATAN,83.55,54.72,2021,Province
Tanah Laut,88.32,55.31,2021,City_Regency
Kotabaru,87.03,46.04,2021,City_Regency
Banjar,81.96,59.38,2021,City_Regency
Barito Kuala,90.47,60.59,2021,City_Regency
Tapin,86.23,54.42,2021,City_Regency
Hulu Sungai Selatan,81.02,57.82,2021,City_Regency
Hulu Sungai Tengah,82.96,57.8,2021,City_Regency
Hulu Sungai Utara,82.72,60.9,2021,City_Regency
Tabalong,83.01,59.82,2021,City_Regency
Tanah Bumbu,85.91,48.79,2021,City_Regency
Balangan,85.31,65.55,2021,City_Regency
Kota Banjarmasin,78.61,48.11,2021,City_Regency
Kota Banjar Baru,79.4,51.83,2021,City_Regency
KALIMANTAN TIMUR,81.35,48.2,2021,Province
Paser,82.63,45.85,2021,City_Regency
Kutai Barat,86.52,57.03,2021,City_Regency
Kutai Kartanegara,82.14,44.97,2021,City_Regency
Kutai Timur,85.32,47.19,2021,City_Regency
Berau,82.8,45.23,2021,City_Regency
Penajam Paser Utara,82.27,50.16,2021,City_Regency
Mahakam Ulu,83.9,64.46,2021,City_Regency
Kota Balikpapan,78.6,49.53,2021,City_Regency
Kota Samarinda,78.84,49.12,2021,City_Regency
Kota Bontang,81.45,50.42,2021,City_Regency
KALIMANTAN UTARA,81.75,48.44,2021,Province
Malinau,84.8,55.75,2021,City_Regency
Bulungan,82.19,53.04,2021,City_Regency
Tana Tidung,80.8,50.63,2021,City_Regency
Nunukan,82.62,46.53,2021,City_Regency
Kota Tarakan,79.96,45.12,2021,City_Regency
SULAWESI UTARA,78.98,44.72,2021,Province
Bolaang Mongondow,83.23,39.24,2021,City_Regency
Minahasa,75.32,42.85,2021,City_Regency
Kepulauan Sangihe,75.46,51.68,2021,City_Regency
Kepulauan Talaud,87.66,70.45,2021,City_Regency
Minahasa Selatan,78.62,46.44,2021,City_Regency
Minahasa Utara,78.46,45.07,2021,City_Regency
Bolaang Mongondow Utara,81.57,46.5,2021,City_Regency
Siau Tagulandang Biaro,81.08,45.82,2021,City_Regency
Minahasa Tenggara,82.0,46.26,2021,City_Regency
Bolaang Mongondow Selatan,78.89,36.79,2021,City_Regency
Bolaang Mongondow Timur,85.33,41.82,2021,City_Regency
Kota Manado,77.29,41.08,2021,City_Regency
Kota Bitung,79.28,44.52,2021,City_Regency
Kota Tomohon,72.39,43.49,2021,City_Regency
Kota Kotamobagu,81.77,47.29,2021,City_Regency
SULAWESI TENGAH,84.78,52.17,2021,Province
Banggai Kepulauan,83.69,60.37,2021,City_Regency
Banggai,87.19,55.95,2021,City_Regency
Morowali,80.66,46.44,2021,City_Regency
Poso,87.93,58.2,2021,City_Regency
Donggala,86.67,47.58,2021,City_Regency
Toli-Toli,83.35,44.23,2021,City_Regency
Buol,86.3,47.81,2021,City_Regency
Parigi Moutong,86.38,50.58,2021,City_Regency
Tojo Una-Una,88.57,60.5,2021,City_Regency
Sigi,87.14,53.71,2021,City_Regency
Banggai Laut,81.01,42.01,2021,City_Regency
Morowali Utara,84.83,50.65,2021,City_Regency
Kota Palu,76.61,53.67,2021,City_Regency
SULAWESI SELATAN,81.03,49.42,2021,Province
Kepulauan Selayar,81.77,57.65,2021,City_Regency
Bulukumba,81.83,51.23,2021,City_Regency
Bantaeng,87.13,62.54,2021,City_Regency
Jeneponto,83.13,52.97,2021,City_Regency
Takalar,83.99,49.47,2021,City_Regency
Gowa,84.13,54.34,2021,City_Regency
Sinjai,85.72,59.27,2021,City_Regency
Maros,80.88,39.64,2021,City_Regency
Pangkajene dan Kepulauan,84.05,46.55,2021,City_Regency
Barru,77.53,40.81,2021,City_Regency
Bone,84.84,48.78,2021,City_Regency
Soppeng,80.69,40.23,2021,City_Regency
Wajo,85.69,45.78,2021,City_Regency
Sidenreng Rappang,80.77,38.15,2021,City_Regency
Pinrang,80.95,36.44,2021,City_Regency
Enrekang,85.22,60.04,2021,City_Regency
Luwu,80.98,48.28,2021,City_Regency
Tana Toraja,80.8,75.11,2021,City_Regency
Luwu Utara,78.3,47.66,2021,City_Regency
Luwu Timur,86.0,59.21,2021,City_Regency
Toraja Utara,75.18,67.91,2021,City_Regency
Kota Makasar,74.6,45.22,2021,City_Regency
Kota Parepare,80.16,54.37,2021,City_Regency
Kota Palopo,74.46,46.35,2021,City_Regency
SULAWESI TENGGARA,84.08,56.27,2021,Province
Buton,76.32,53.02,2021,City_Regency
Muna,78.08,56.67,2021,City_Regency
Konawe,85.89,53.4,2021,City_Regency
Kolaka,85.58,53.51,2021,City_Regency
Konawe Selatan,87.8,55.73,2021,City_Regency
Bombana,88.57,56.65,2021,City_Regency
Wakatobi,83.81,59.05,2021,City_Regency
Kolaka Utara,92.13,66.81,2021,City_Regency
Buton Utara,86.33,65.07,2021,City_Regency
Konawe Utara,86.03,53.38,2021,City_Regency
Kolaka Timur,88.82,59.69,2021,City_Regency
Konawe Kepulauan,83.9,57.79,2021,City_Regency
Muna Barat,82.94,62.16,2021,City_Regency
Buton Tengah,74.85,54.53,2021,City_Regency
Buton Selatan,88.44,59.9,2021,City_Regency
Kota Kendari,79.18,51.44,2021,City_Regency
Kota Baubau,80.24,58.43,2021,City_Regency
GORONTALO,81.6,50.41,2021,Province
Boalemo,82.8,48.01,2021,City_Regency
Gorontalo,80.86,49.58,2021,City_Regency
Pohuwato,87.92,51.7,2021,City_Regency
Bone Bolango,80.99,49.46,2021,City_Regency
Gorontalo Utara,86.34,50.31,2021,City_Regency
Kota Gorontalo,75.35,53.28,2021,City_Regency
SULAWESI BARAT,86.1,54.38,2021,Province
Majene,80.23,51.55,2021,City_Regency
Polewali Mandar,83.91,55.09,2021,City_Regency
Mamasa,86.97,73.39,2021,City_Regency
Mamuju,87.28,52.38,2021,City_Regency
Mamuju Utara / Pasangkayu,89.26,46.32,2021,City_Regency
Mamuju Tengah,92.03,47.41,2021,City_Regency
MALUKU,77.66,53.71,2021,Province
Maluku Tenggara Barat / Kepulauan Tanimbar,79.28,58.64,2021,City_Regency
Maluku Tenggara,74.7,55.17,2021,City_Regency
Maluku Tengah,74.46,50.55,2021,City_Regency
Buru,86.39,54.36,2021,City_Regency
Kepulauan Aru,77.08,53.4,2021,City_Regency
Seram Bagian Barat,84.39,59.47,2021,City_Regency
Seram Bagian Timur,78.83,58.89,2021,City_Regency
Maluku Barat Daya,87.96,65.32,2021,City_Regency
Buru Selatan,85.14,65.28,2021,City_Regency
Kota Ambon,73.91,49.37,2021,City_Regency
Kota Tual,71.73,50.0,2021,City_Regency
MALUKU UTARA,81.22,47.57,2021,Province
Halmahera Barat,82.85,46.25,2021,City_Regency
Halmahera Tengah,82.28,42.88,2021,City_Regency
Kepulauan Sula,79.72,47.83,2021,City_Regency
Halmahera Selatan,84.95,52.24,2021,City_Regency
Halmahera Utara,80.4,47.67,2021,City_Regency
Halmahera Timur,84.85,42.12,2021,City_Regency
Pulau Morotai,82.71,51.89,2021,City_Regency
Pulau Taliabu,87.57,49.83,2021,City_Regency
Kota Ternate,74.9,43.88,2021,City_Regency
Kota Tidore Kepulauan,81.41,51.04,2021,City_Regency
PAPUA BARAT,80.53,58.78,2021,Province
Fakfak,83.44,58.03,2021,City_Regency
Kaimana,82.67,67.12,2021,City_Regency
Teluk Wondama,82.43,65.98,2021,City_Regency
Teluk Bintuni,76.73,55.07,2021,City_Regency
Manokwari,83.09,58.05,2021,City_Regency
Sorong Selatan,87.12,72.38,2021,City_Regency
Sorong,81.65,54.14,2021,City_Regency
Raja Ampat,78.43,52.49,2021,City_Regency
Tambrauw,84.62,65.94,2021,City_Regency
Maybrat,84.83,78.19,2021,City_Regency
Manokwari Selatan,89.22,79.61,2021,City_Regency
Pegunungan Arfak,95.35,94.05,2021,City_Regency
Kota Sorong,73.7,47.92,2021,City_Regency
PAPUA BARAT DAYA,,,2021,Province
Raja Ampat,,,2021,City_Regency
Sorong,,,2021,City_Regency
Sorong Selatan,,,2021,City_Regency
Maybrat,,,2021,City_Regency
Tambrauw,,,2021,City_Regency
Kota Sorong,,,2021,City_Regency
PAPUA,86.41,69.1,2021,Province
Merauke,82.92,57.35,2021,City_Regency
Jayawijaya,89.66,78.16,2021,City_Regency
Jayapura,80.38,53.91,2021,City_Regency
Nabire,85.67,58.33,2021,City_Regency
Kepulauan Yapen,74.01,53.51,2021,City_Regency
Biak Numfor,78.44,60.02,2021,City_Regency
Paniai,90.27,88.07,2021,City_Regency
Puncak Jaya,95.52,86.53,2021,City_Regency
Mimika,84.12,38.09,2021,City_Regency
Boven Digoel,89.88,67.25,2021,City_Regency
Mappi,78.7,43.58,2021,City_Regency
Asmat,89.4,72.72,2021,City_Regency
Yahukimo,93.93,76.23,2021,City_Regency
Pegunungan Bintang,90.72,84.64,2021,City_Regency
Tolikara,91.52,89.57,2021,City_Regency
Sarmi,79.92,55.12,2021,City_Regency
Keerom,87.51,64.04,2021,City_Regency
Waropen,80.48,30.71,2021,City_Regency
Supiori,77.48,59.42,2021,City_Regency
Mamberamo Raya,90.84,41.91,2021,City_Regency
Nduga,97.05,99.0,2021,City_Regency
Lanny Jaya,93.92,97.71,2021,City_Regency
Mamberamo Tengah,95.56,96.17,2021,City_Regency
Yalimo,93.58,93.8,2021,City_Regency
Puncak,91.25,87.4,2021,City_Regency
Dogiyai,84.39,72.18,2021,City_Regency
Intan Jaya,84.46,67.01,2021,City_Regency
Deiyai,90.8,78.86,2021,City_Regency
Kota Jayapura,75.02,50.7,2021,City_Regency
PAPUA SELATAN,,,2021,Province
Merauke,,,2021,City_Regency
Boven Digoel,,,2021,City_Regency
Mappi,,,2021,City_Regency
Asmat,,,2021,City_Regency
PAPUA TENGAH,,,2021,Province
Mimika,,,2021,City_Regency
Dogiyai,,,2021,City_Regency
Deiyai,,,2021,City_Regency
Nabire,,,2021,City_Regency
Paniai,,,2021,City_Regency
Intan Jaya,,,2021,City_Regency
Puncak,,,2021,City_Regency
Puncak Jaya,,,2021,City_Regency
PAPUA PEGUNUNGAN,,,2021,Province
Nduga,,,2021,City_Regency
Jayawijaya,,,2021,City_Regency
Lanny Jaya,,,2021,City_Regency
Tolikara,,,2021,City_Regency
Mamberamo Tengah,,,2021,City_Regency
Yalimo,,,2021,City_Regency
Yahukimo,,,2021,City_Regency
Pegunungan Bintang,,,2021,City_Regency
INDONESIA,82.27,53.34,2021,National
ACEH,80.57,49.05,2023,Province
Simeulue,81.09,59.58,2023,City_Regency
Aceh Singkil,77.66,37.66,2023,City_Regency
Aceh Selatan,81.46,36.42,2023,City_Regency
Aceh Tenggara,81.28,59.6,2023,City_Regency
Aceh Timur,78.37,42.64,2023,City_Regency
Aceh Tengah,84.19,69.38,2023,City_Regency
Aceh Barat,79.2,39.82,2023,City_Regency
Aceh Besar,79.26,54.4,2023,City_Regency
Pidie,78.4,45.17,2023,City_Regency
Bireuen,82.07,52.56,2023,City_Regency
Aceh Utara,75.77,42.17,2023,City_Regency
Aceh Barat Daya,84.81,35.25,2023,City_Regency
Gayo Lues,87.38,69.61,2023,City_Regency
Aceh Tamiang,88.26,49.91,2023,City_Regency
Nagan Raya,85.02,42.05,2023,City_Regency
Aceh Jaya,84.24,56.4,2023,City_Regency
Bener Meriah,87.94,78.47,2023,City_Regency
Pidie Jaya,79.33,40.81,2023,City_Regency
Kota Banda Aceh,76.77,53.3,2023,City_Regency
Kota Sabang,80.33,53.92,2023,City_Regency
Kota Langsa,77.82,42.28,2023,City_Regency
Kota Lhokseumawe,77.64,51.5,2023,City_Regency
Kota Subulussalam,84.57,50.52,2023,City_Regency
SUMATERA UTARA,84.4,57.81,2023,Province
Nias,85.31,78.36,2023,City_Regency
Mandailing Natal,78.6,47.93,2023,City_Regency
Tapanuli Selatan,85.15,66.12,2023,City_Regency
Tapanuli Tengah,82.37,66.61,2023,City_Regency
Tapanuli Utara,85.63,76.83,2023,City_Regency
Toba Samosir / Toba,85.32,76.5,2023,City_Regency
Labuhan Batu,84.65,44.53,2023,City_Regency
Asahan,89.03,49.76,2023,City_Regency
Simalungun,87.71,56.53,2023,City_Regency
Dairi,89.82,79.86,2023,City_Regency
Karo,88.27,79.59,2023,City_Regency
Deli Serdang,82.08,53.21,2023,City_Regency
Langkat,90.15,61.46,2023,City_Regency
Nias Selatan,82.33,76.25,2023,City_Regency
Humbang Hasundutan,88.47,84.91,2023,City_Regency
Pakpak Bharat,89.62,82.22,2023,City_Regency
Samosir,90.9,82.95,2023,City_Regency
Serdang Bedagai,87.12,48.13,2023,City_Regency
Batu Bara,88.9,57.11,2023,City_Regency
Padang Lawas Utara,82.38,64.09,2023,City_Regency
Padang Lawas,89.18,67.08,2023,City_Regency
Labuhan Batu Selatan,88.5,57.35,2023,City_Regency
Labuhan Batu Utara,86.36,42.52,2023,City_Regency
Nias Utara,85.74,76.99,2023,City_Regency
Nias Barat,81.82,80.41,2023,City_Regency
Kota Sibolga,84.42,57.99,2023,City_Regency
Kota Tanjung Balai,83.11,56.16,2023,City_Regency
Kota Pematang Siantar,81.36,60.97,2023,City_Regency
Kota Tebing Tinggi,81.98,49.98,2023,City_Regency
Kota Medan,79.45,50.26,2023,City_Regency
Kota Binjai,78.68,47.27,2023,City_Regency
Kota Padangsidimpuan,80.75,56.95,2023,City_Regency
Kota Gunungsitoli,79.21,57.28,2023,City_Regency
SUMATERA BARAT,82.21,56.94,2023,Province
Kepulauan Mentawai,87.03,72.54,2023,City_Regency
Pesisir Selatan,80.94,49.07,2023,City_Regency
Solok,87.75,65.71,2023,City_Regency
Sijunjung,82.12,54.68,2023,City_Regency
Tanah Datar,79.52,59.31,2023,City_Regency
Padang Pariaman,79.74,50.75,2023,City_Regency
Agam,82.1,56.1,2023,City_Regency
Lima Puluh Kota,83.93,61.45,2023,City_Regency
Pasaman,80.75,65.29,2023,City_Regency
Solok Selatan,88.76,63.89,2023,City_Regency
Dharmasraya,87.45,60.02,2023,City_Regency
Pasaman Barat,82.47,50.11,2023,City_Regency
Kota Padang,80.4,53.67,2023,City_Regency
Kota Solok,81.68,58.53,2023,City_Regency
Kota Sawah Lunto,80.44,59.34,2023,City_Regency
Kota Padang Panjang,76.62,55.53,2023,City_Regency
Kota Bukittinggi,80.1,60.61,2023,City_Regency
Kota Payakumbuh,81.71,62.03,2023,City_Regency
Kota Pariaman,81.34,61.04,2023,City_Regency
RIAU,83.77,44.27,2023,Province
Kuantan Singingi,82.17,45.24,2023,City_Regency
Indragiri Hulu,85.43,48.74,2023,City_Regency
Indragiri Hilir,82.19,37.61,2023,City_Regency
Pelalawan,89.76,46.5,2023,City_Regency
Siak,86.86,43.19,2023,City_Regency
Kampar,81.83,36.42,2023,City_Regency
Rokan Hulu,88.48,44.06,2023,City_Regency
Bengkalis,82.13,40.41,2023,City_Regency
Rokan Hilir,86.64,44.29,2023,City_Regency
Kepulauan Meranti,82.54,47.58,2023,City_Regency
Kota Pekanbaru,78.66,53.5,2023,City_Regency
Kota Dumai,84.99,46.19,2023,City_Regency
JAMBI,85.27,51.68,2023,Province
Kerinci,82.94,60.88,2023,City_Regency
Merangin,87.46,54.44,2023,City_Regency
Sarolangun,85.23,47.14,2023,City_Regency
Batang Hari,84.89,38.16,2023,City_Regency
Muaro Jambi,89.07,58.79,2023,City_Regency
Tanjung Jabung Timur,87.17,47.21,2023,City_Regency
Tanjung Jabung Barat,88.01,51.06,2023,City_Regency
Tebo,88.94,50.28,2023,City_Regency
Bungo,86.53,53.52,2023,City_Regency
Kota Jambi,78.08,51.57,2023,City_Regency
Kota Sungai Penuh,82.81,53.69,2023,City_Regency
SUMATERA SELATAN,85.39,55.54,2023,Province
Ogan Komering Ulu,85.92,58.76,2023,City_Regency
Ogan Komering Ilir,85.62,52.09,2023,City_Regency
Muara Enim,86.62,58.86,2023,City_Regency
Lahat,84.92,64.23,2023,City_Regency
Musi Rawas,83.66,52.32,2023,City_Regency
Musi Banyuasin,89.45,54.79,2023,City_Regency
Banyu Asin,84.46,39.8,2023,City_Regency
Ogan Komering Ulu Selatan,89.93,60.02,2023,City_Regency
Ogan Komering Ulu Timur,90.11,62.3,2023,City_Regency
Ogan Ilir,84.29,62.29,2023,City_Regency
Empat Lawang,82.43,61.79,2023,City_Regency
Penukal Abab Lematang Ilir,88.2,70.48,2023,City_Regency
Musi Rawas Utara,85.02,54.73,2023,City_Regency
Kota Palembang,82.13,53.04,2023,City_Regency
Kota Prabumulih,82.52,54.7,2023,City_Regency
Kota Pagar Alam,86.97,60.18,2023,City_Regency
Kota Lubuklinggau,83.83,57.88,2023,City_Regency
BENGKULU,84.99,56.22,2023,Province
Bengkulu Selatan,85.72,65.85,2023,City_Regency
Rejang Lebong,88.18,67.14,2023,City_Regency
Bengkulu Utara,87.53,48.71,2023,City_Regency
Kaur,80.44,55.64,2023,City_Regency
Seluma,86.83,59.11,2023,City_Regency
Mukomuko,88.48,44.29,2023,City_Regency
Lebong,85.11,54.7,2023,City_Regency
Kepahiang,86.62,64.2,2023,City_Regency
Bengkulu Tengah,84.32,44.65,2023,City_Regency
Kota Bengkulu,78.41,54.74,2023,City_Regency
LAMPUNG,87.3,52.01,2023,Province
Lampung Barat,91.62,71.55,2023,City_Regency
Tanggamus,89.9,49.86,2023,City_Regency
Lampung Selatan,87.63,44.36,2023,City_Regency
Lampung Timur,85.76,51.24,2023,City_Regency
Lampung Tengah,90.7,55.25,2023,City_Regency
Lampung Utara,85.21,45.26,2023,City_Regency
Way Kanan,90.9,54.94,2023,City_Regency
Tulangbawang,87.95,53.86,2023,City_Regency
Pesawaran,85.72,54.22,2023,City_Regency
Pringsewu,88.79,56.94,2023,City_Regency
Mesuji,89.9,49.19,2023,City_Regency
Tulang Bawang Barat,88.15,52.78,2023,City_Regency
Pesisir Barat,84.22,58.56,2023,City_Regency
Kota Bandar Lampung,81.73,49.89,2023,City_Regency
Kota Metro,81.55,56.31,2023,City_Regency
KEP. BANGKA BELITUNG,85.38,50.31,2023,Province
Bangka,84.7,49.07,2023,City_Regency
Belitung,86.13,49.36,2023,City_Regency
Bangka Barat,87.6,51.59,2023,City_Regency
Bangka Tengah,85.17,53.91,2023,City_Regency
Bangka Selatan,88.18,44.22,2023,City_Regency
Belitung Timur,88.79,50.85,2023,City_Regency
Kota Pangkal Pinang,79.11,53.75,2023,City_Regency
KEPULAUAN RIAU,84.92,51.95,2023,Province
Karimun,84.3,44.26,2023,City_Regency
Bintan,85.06,48.86,2023,City_Regency
Natuna,82.69,61.42,2023,City_Regency
Lingga,83.22,55.98,2023,City_Regency
Kepulauan Anambas,85.73,53.67,2023,City_Regency
Kota Batam,86.37,52.65,2023,City_Regency
Kota Tanjung Pinang,79.41,53.48,2023,City_Regency
DKI JAKARTA,80.25,50.12,2023,Province
Kep. Seribu,88.38,59.07,2023,City_Regency
Kota Jakarta Selatan,80.35,51.76,2023,City_Regency
Kota Jakarta Timur,79.52,50.76,2023,City_Regency
Kota Jakarta Pusat,75.91,51.74,2023,City_Regency
Kota Jakarta Barat,81.68,47.85,2023,City_Regency
Kota Jakarta Utara,81.9,48.95,2023,City_Regency
JAWA BARAT,84.63,47.98,2023,Province
Bogor,85.13,42.17,2023,City_Regency
Sukabumi,86.5,48.52,2023,City_Regency
Cianjur,89.55,54.2,2023,City_Regency
Bandung,84.44,49.19,2023,City_Regency
Garut,85.1,54.39,2023,City_Regency
Tasikmalaya,84.04,52.39,2023,City_Regency
Ciamis,81.24,51.47,2023,City_Regency
Kuningan,81.9,41.65,2023,City_Regency
Cirebon,84.16,47.86,2023,City_Regency
Majalengka,84.83,52.24,2023,City_Regency
Sumedang,85.32,50.07,2023,City_Regency
Indramayu,83.27,44.53,2023,City_Regency
Subang,86.94,53.27,2023,City_Regency
Purwakarta,85.62,46.68,2023,City_Regency
Karawang,86.17,40.28,2023,City_Regency
Bekasi,87.51,42.05,2023,City_Regency
Bandung Barat,87.72,45.55,2023,City_Regency
Pangandaran,89.45,70.98,2023,City_Regency
Kota Bogor,82.95,46.32,2023,City_Regency
Kota Sukabumi,81.38,43.8,2023,City_Regency
Kota Bandung,83.22,50.73,2023,City_Regency
Kota Cirebon,81.72,55.77,2023,City_Regency
Kota Bekasi,80.38,48.91,2023,City_Regency
Kota Depok,78.46,46.99,2023,City_Regency
Kota Cimahi,83.65,53.07,2023,City_Regency
Kota Tasikmalaya,80.63,49.94,2023,City_Regency
Kota Banjar,84.21,50.74,2023,City_Regency
JAWA TENGAH,84.52,58.92,2023,Province
Cilacap,85.0,48.11,2023,City_Regency
Banyumas,83.1,46.08,2023,City_Regency
Purbalingga,84.58,62.14,2023,City_Regency
Banjarnegara,86.15,56.74,2023,City_Regency
Kebumen,86.37,62.49,2023,City_Regency
Purworejo,85.74,63.86,2023,City_Regency
Wonosobo,86.96,59.77,2023,City_Regency
Magelang,87.58,71.27,2023,City_Regency
Boyolali,85.48,63.99,2023,City_Regency
Klaten,81.06,52.69,2023,City_Regency
Sukoharjo,78.4,57.05,2023,City_Regency
Wonogiri,90.21,74.8,2023,City_Regency
Karanganyar,81.7,59.88,2023,City_Regency
Sragen,79.05,58.37,2023,City_Regency
Grobogan,88.96,62.7,2023,City_Regency
Blora,87.24,68.88,2023,City_Regency
Rembang,87.26,58.22,2023,City_Regency
Pati,86.82,59.62,2023,City_Regency
Kudus,81.09,63.47,2023,City_Regency
Jepara,85.31,57.81,2023,City_Regency
Demak,83.43,57.99,2023,City_Regency
Semarang,85.98,66.37,2023,City_Regency
Temanggung,85.7,65.91,2023,City_Regency
Kendal,88.63,65.11,2023,City_Regency
Batang,88.45,64.71,2023,City_Regency
Pekalongan,84.29,56.27,2023,City_Regency
Pemalang,86.5,52.33,2023,City_Regency
Tegal,82.59,52.36,2023,City_Regency
Brebes,81.78,50.08,2023,City_Regency
Kota Magelang,78.45,61.1,2023,City_Regency
Kota Surakarta,81.27,57.66,2023,City_Regency
Kota Salatiga,81.58,62.98,2023,City_Regency
Kota Semarang,78.56,60.64,2023,City_Regency
Kota Pekalongan,83.82,63.96,2023,City_Regency
Kota Tegal,82.3,50.89,2023,City_Regency
D I YOGYAKARTA,83.76,64.75,2023,Province
Kulon Progo,85.53,66.31,2023,City_Regency
Bantul,84.2,66.12,2023,City_Regency
Gunung Kidul,87.94,65.81,2023,City_Regency
Sleman,80.39,62.27,2023,City_Regency
Kota Yogyakarta,82.36,64.69,2023,City_Regency
JAWA TIMUR,85.9,59.46,2023,Province
Pacitan,89.37,73.91,2023,City_Regency
Ponorogo,87.73,64.23,2023,City_Regency
Trenggalek,89.02,72.45,2023,City_Regency
Tulungagung,86.89,62.63,2023,City_Regency
Blitar,88.62,58.32,2023,City_Regency
Kediri,85.22,52.08,2023,City_Regency
Malang,85.47,55.79,2023,City_Regency
Lumajang,86.69,50.99,2023,City_Regency
Jember,86.76,58.13,2023,City_Regency
Banyuwangi,89.83,68.37,2023,City_Regency
Bondowoso,87.23,62.11,2023,City_Regency
Situbondo,87.33,63.84,2023,City_Regency
Probolinggo,87.84,51.93,2023,City_Regency
Pasuruan,85.84,56.77,2023,City_Regency
Sidoarjo,83.18,56.08,2023,City_Regency
Mojokerto,87.24,57.77,2023,City_Regency
Jombang,86.04,57.68,2023,City_Regency
Nganjuk,84.91,48.86,2023,City_Regency
Madiun,85.77,59.68,2023,City_Regency
Magetan,88.64,68.82,2023,City_Regency
Ngawi,83.67,55.69,2023,City_Regency
Bojonegoro,88.7,59.94,2023,City_Regency
Tuban,88.35,61.32,2023,City_Regency
Lamongan,85.65,64.63,2023,City_Regency
Gresik,85.82,54.37,2023,City_Regency
Bangkalan,85.12,58.46,2023,City_Regency
Sampang,84.87,62.54,2023,City_Regency
Pamekasan,86.71,68.1,2023,City_Regency
Sumenep,87.7,70.76,2023,City_Regency
Kota Kediri,83.35,60.37,2023,City_Regency
Kota Blitar,80.91,63.87,2023,City_Regency
Kota Malang,79.85,55.64,2023,City_Regency
Kota Probolinggo,83.66,57.93,2023,City_Regency
Kota Pasuruan,86.08,65.34,2023,City_Regency
Kota Mojokerto,83.87,61.43,2023,City_Regency
Kota Madiun,78.69,60.42,2023,City_Regency
Kota Surabaya,80.25,57.61,2023,City_Regency
Kota Batu,88.43,69.48,2023,City_Regency
BANTEN,82.16,46.16,2023,Province
Pandeglang,77.78,41.92,2023,City_Regency
Lebak,84.73,50.06,2023,City_Regency
Tangerang,85.07,47.98,2023,City_Regency
Serang,81.52,44.15,2023,City_Regency
Kota Tangerang,79.92,46.7,2023,City_Regency
Kota Cilegon,82.76,42.22,2023,City_Regency
Kota Serang,84.56,51.65,2023,City_Regency
Kota Tangerang Selatan,79.16,42.15,2023,City_Regency
BALI,83.55,70.63,2023,Province
Jembrana,85.49,74.67,2023,City_Regency
Tabanan,81.28,67.17,2023,City_Regency
Badung,81.42,66.21,2023,City_Regency
Gianyar,82.08,72.53,2023,City_Regency
Klungkung,84.97,74.82,2023,City_Regency
Bangli,86.5,79.56,2023,City_Regency
Karangasem,89.5,82.52,2023,City_Regency
Buleleng,83.82,67.18,2023,City_Regency
Kota Denpasar,81.31,64.84,2023,City_Regency
NUSA TENGGARA BARAT,84.18,62.54,2023,Province
Lombok Barat,85.25,62.79,2023,City_Regency
Lombok Tengah,86.54,67.23,2023,City_Regency
Lombok Timur,82.04,60.17,2023,City_Regency
Sumbawa,83.59,59.09,2023,City_Regency
Dompu,86.73,58.27,2023,City_Regency
Bima,86.29,64.38,2023,City_Regency
Sumbawa Barat,84.31,57.4,2023,City_Regency
Lombok Utara,85.71,66.71,2023,City_Regency
Kota Mataram,77.88,58.92,2023,City_Regency
Kota Bima,86.77,69.72,2023,City_Regency
NUSA TENGGARA TIMUR,83.03,68.52,2023,Province
Sumba Barat,84.24,73.14,2023,City_Regency
Sumba Timur,84.25,78.3,2023,City_Regency
Kupang,85.86,67.79,2023,City_Regency
Timor Tengah Selatan,91.0,75.49,2023,City_Regency
Timor Tengah Utara,83.06,68.48,2023,City_Regency
Belu,81.34,57.68,2023,City_Regency
Alor,83.81,78.02,2023,City_Regency
Lembata,81.43,73.99,2023,City_Regency
Flores Timur,82.91,62.78,2023,City_Regency
Sikka,83.33,66.2,2023,City_Regency
Ende,76.98,72.56,2023,City_Regency
Ngada,79.3,70.47,2023,City_Regency
Manggarai,83.27,75.04,2023,City_Regency
Rote Ndao,77.42,60.53,2023,City_Regency
Manggarai Barat,81.65,59.69,2023,City_Regency
Sumba Tengah,86.67,70.48,2023,City_Regency
Sumba Barat Daya,86.04,74.0,2023,City_Regency
Nagekeo,86.92,67.28,2023,City_Regency
Manggarai Timur,83.05,77.56,2023,City_Regency
Sabu Raijua,80.41,71.64,2023,City_Regency
Malaka,80.15,67.11,2023,City_Regency
Kota Kupang,77.64,51.78,2023,City_Regency
KALIMANTAN BARAT,84.85,53.11,2023,Province
Sambas,85.55,59.39,2023,City_Regency
Bengkayang,86.12,58.58,2023,City_Regency
Landak,84.2,56.61,2023,City_Regency
Mempawah,85.05,50.72,2023,City_Regency
Sanggau,86.68,52.59,2023,City_Regency
Ketapang,83.54,47.81,2023,City_Regency
Sintang,87.06,60.2,2023,City_Regency
Kapuas Hulu,83.19,60.77,2023,City_Regency
Sekadau,88.58,57.73,2023,City_Regency
Melawi,87.42,59.2,2023,City_Regency
Kayong Utara,86.83,57.37,2023,City_Regency
Kubu Raya,84.05,45.7,2023,City_Regency
Kota Pontianak,81.31,45.88,2023,City_Regency
Kota Singkawang,84.04,48.41,2023,City_Regency
KALIMANTAN TENGAH,84.85,48.13,2023,Province
Kotawaringin Barat,86.31,46.58,2023,City_Regency
Kotawaringin Timur,83.87,40.55,2023,City_Regency
Kapuas,83.56,48.49,2023,City_Regency
Barito Selatan,83.1,47.39,2023,City_Regency
Barito Utara,86.98,52.09,2023,City_Regency
Sukamara,87.53,55.44,2023,City_Regency
Lamandau,88.66,46.0,2023,City_Regency
Seruyan,87.25,45.22,2023,City_Regency
Katingan,85.74,41.32,2023,City_Regency
Pulang Pisau,89.05,59.49,2023,City_Regency
Gunung Mas,88.09,51.86,2023,City_Regency
Barito Timur,85.61,63.44,2023,City_Regency
Murung Raya,83.3,48.74,2023,City_Regency
Kota Palangka Raya,79.34,49.57,2023,City_Regency
KALIMANTAN SELATAN,85.52,53.75,2023,Province
Tanah Laut,87.71,50.6,2023,City_Regency
Kotabaru,84.42,42.1,2023,City_Regency
Banjar,84.13,56.1,2023,City_Regency
Barito Kuala,87.47,55.96,2023,City_Regency
Tapin,87.51,52.67,2023,City_Regency
Hulu Sungai Selatan,89.05,60.81,2023,City_Regency
Hulu Sungai Tengah,84.97,58.9,2023,City_Regency
Hulu Sungai Utara,85.31,65.53,2023,City_Regency
Tabalong,86.55,59.03,2023,City_Regency
Tanah Bumbu,91.06,45.01,2023,City_Regency
Balangan,87.11,59.07,2023,City_Regency
Kota Banjarmasin,80.62,51.94,2023,City_Regency
Kota Banjar Baru,84.37,50.06,2023,City_Regency
KALIMANTAN TIMUR,82.82,46.86,2023,Province
Paser,86.02,37.72,2023,City_Regency
Kutai Barat,86.45,52.48,2023,City_Regency
Kutai Kartanegara,83.73,45.2,2023,City_Regency
Kutai Timur,86.78,41.72,2023,City_Regency
Berau,86.93,43.32,2023,City_Regency
Penajam Paser Utara,83.72,47.6,2023,City_Regency
Mahakam Ulu,83.12,66.0,2023,City_Regency
Kota Balikpapan,79.04,47.25,2023,City_Regency
Kota Samarinda,80.09,50.42,2023,City_Regency
Kota Bontang,80.11,55.91,2023,City_Regency
KALIMANTAN UTARA,85.18,53.6,2023,Province
Malinau,86.58,59.97,2023,City_Regency
Bulungan,84.5,57.19,2023,City_Regency
Tana Tidung,88.56,61.09,2023,City_Regency
Nunukan,87.19,54.36,2023,City_Regency
Kota Tarakan,83.02,47.9,2023,City_Regency
SULAWESI UTARA,80.93,46.53,2023,Province
Bolaang Mongondow,86.14,42.7,2023,City_Regency
Minahasa,78.07,43.56,2023,City_Regency
Kepulauan Sangihe,78.92,50.92,2023,City_Regency
Kepulauan Talaud,85.51,61.58,2023,City_Regency
Minahasa Selatan,81.77,44.36,2023,City_Regency
Minahasa Utara,79.38,43.22,2023,City_Regency
Bolaang Mongondow Utara,82.57,45.39,2023,City_Regency
Siau Tagulandang Biaro,82.85,42.53,2023,City_Regency
Minahasa Tenggara,82.49,52.44,2023,City_Regency
Bolaang Mongondow Selatan,86.47,40.31,2023,City_Regency
Bolaang Mongondow Timur,85.82,51.01,2023,City_Regency
Kota Manado,74.76,47.86,2023,City_Regency
Kota Bitung,84.64,43.39,2023,City_Regency
Kota Tomohon,78.83,48.22,2023,City_Regency
Kota Kotamobagu,84.95,53.19,2023,City_Regency
SULAWESI TENGAH,85.42,53.4,2023,Province
Banggai Kepulauan,84.84,60.39,2023,City_Regency
Banggai,85.72,57.17,2023,City_Regency
Morowali,84.99,24.21,2023,City_Regency
Poso,83.67,57.69,2023,City_Regency
Donggala,85.44,46.45,2023,City_Regency
Toli-Toli,84.87,52.11,2023,City_Regency
Buol,85.62,52.25,2023,City_Regency
Parigi Moutong,87.45,58.37,2023,City_Regency
Tojo Una-Una,87.18,62.12,2023,City_Regency
Sigi,86.41,54.75,2023,City_Regency
Banggai Laut,81.85,36.17,2023,City_Regency
Morowali Utara,86.29,52.69,2023,City_Regency
Kota Palu,83.32,55.36,2023,City_Regency
SULAWESI SELATAN,82.22,49.62,2023,Province
Kepulauan Selayar,84.98,59.53,2023,City_Regency
Bulukumba,84.61,57.92,2023,City_Regency
Bantaeng,86.91,64.68,2023,City_Regency
Jeneponto,82.81,50.68,2023,City_Regency
Takalar,83.96,48.98,2023,City_Regency
Gowa,87.81,52.06,2023,City_Regency
Sinjai,81.99,52.88,2023,City_Regency
Maros,81.11,42.01,2023,City_Regency
Pangkajene dan Kepulauan,85.21,55.64,2023,City_Regency
Barru,81.07,44.64,2023,City_Regency
Bone,82.22,44.38,2023,City_Regency
Soppeng,77.89,42.64,2023,City_Regency
Wajo,85.46,47.64,2023,City_Regency
Sidenreng Rappang,78.81,33.01,2023,City_Regency
Pinrang,82.02,39.92,2023,City_Regency
Enrekang,83.18,52.54,2023,City_Regency
Luwu,84.32,52.8,2023,City_Regency
Tana Toraja,88.52,75.74,2023,City_Regency
Luwu Utara,82.17,51.62,2023,City_Regency
Luwu Timur,84.5,53.24,2023,City_Regency
Toraja Utara,81.06,73.8,2023,City_Regency
Kota Makasar,75.86,42.06,2023,City_Regency
Kota Parepare,80.09,51.44,2023,City_Regency
Kota Palopo,78.31,53.29,2023,City_Regency
SULAWESI TENGGARA,84.15,55.64,2023,Province
Buton,79.43,57.34,2023,City_Regency
Muna,79.7,62.31,2023,City_Regency
Konawe,84.91,49.62,2023,City_Regency
Kolaka,84.91,44.73,2023,City_Regency
Konawe Selatan,85.77,53.19,2023,City_Regency
Bombana,86.66,48.35,2023,City_Regency
Wakatobi,83.38,62.69,2023,City_Regency
Kolaka Utara,89.37,57.81,2023,City_Regency
Buton Utara,89.23,72.33,2023,City_Regency
Konawe Utara,87.72,52.37,2023,City_Regency
Kolaka Timur,88.6,64.96,2023,City_Regency
Konawe Kepulauan,86.54,62.96,2023,City_Regency
Muna Barat,89.35,63.81,2023,City_Regency
Buton Tengah,78.34,56.93,2023,City_Regency
Buton Selatan,82.61,62.2,2023,City_Regency
Kota Kendari,80.83,52.75,2023,City_Regency
Kota Baubau,82.72,58.5,2023,City_Regency
GORONTALO,85.34,56.07,2023,Province
Boalemo,87.57,56.45,2023,City_Regency
Gorontalo,85.64,60.09,2023,City_Regency
Pohuwato,90.93,54.44,2023,City_Regency
Bone Bolango,82.42,54.35,2023,City_Regency
Gorontalo Utara,86.88,54.74,2023,City_Regency
Kota Gorontalo,80.33,51.34,2023,City_Regency
SULAWESI BARAT,86.28,55.4,2023,Province
Majene,79.89,48.44,2023,City_Regency
Polewali Mandar,86.02,60.99,2023,City_Regency
Mamasa,85.09,71.34,2023,City_Regency
Mamuju,86.8,48.81,2023,City_Regency
Mamuju Utara / Pasangkayu,90.99,52.39,2023,City_Regency
Mamuju Tengah,88.57,41.86,2023,City_Regency
MALUKU,74.34,52.68,2023,Province
Maluku Tenggara Barat / Kepulauan Tanimbar,71.12,52.74,2023,City_Regency
Maluku Tenggara,72.47,50.57,2023,City_Regency
Maluku Tengah,76.28,50.06,2023,City_Regency
Buru,84.48,62.47,2023,City_Regency
Kepulauan Aru,77.77,40.41,2023,City_Regency
Seram Bagian Barat,71.65,53.37,2023,City_Regency
Seram Bagian Timur,63.75,49.42,2023,City_Regency
Maluku Barat Daya,77.48,58.0,2023,City_Regency
Buru Selatan,81.08,55.7,2023,City_Regency
Kota Ambon,74.43,57.3,2023,City_Regency
Kota Tual,66.36,44.82,2023,City_Regency
MALUKU UTARA,82.13,52.48,2023,Province
Halmahera Barat,82.67,52.73,2023,City_Regency
Halmahera Tengah,84.81,54.59,2023,City_Regency
Kepulauan Sula,80.93,42.86,2023,City_Regency
Halmahera Selatan,84.35,60.99,2023,City_Regency
Halmahera Utara,83.61,55.23,2023,City_Regency
Halmahera Timur,86.66,52.98,2023,City_Regency
Pulau Morotai,78.69,49.71,2023,City_Regency
Pulau Taliabu,86.71,37.47,2023,City_Regency
Kota Ternate,75.02,47.25,2023,City_Regency
Kota Tidore Kepulauan,82.29,54.8,2023,City_Regency
PAPUA BARAT,79.21,53.82,2023,Province
Fakfak,78.66,50.39,2023,City_Regency
Kaimana,75.55,52.55,2023,City_Regency
Teluk Wondama,77.9,59.28,2023,City_Regency
Teluk Bintuni,82.27,50.03,2023,City_Regency
Manokwari,81.45,53.8,2023,City_Regency
Sorong Selatan,76.1,60.15,2023,City_Regency
Sorong,79.94,50.63,2023,City_Regency
Raja Ampat,72.41,43.34,2023,City_Regency
Tambrauw,85.36,70.0,2023,City_Regency
Maybrat,81.65,73.18,2023,City_Regency
Manokwari Selatan,89.05,71.28,2023,City_Regency
Pegunungan Arfak,95.12,93.84,2023,City_Regency
Kota Sorong,75.03,44.5,2023,City_Regency
PAPUA BARAT DAYA,,,2023,Province
Raja Ampat,,,2023,City_Regency
Sorong,,,2023,City_Regency
Sorong Selatan,,,2023,City_Regency
Maybrat,,,2023,City_Regency
Tambrauw,,,2023,City_Regency
Kota Sorong,,,2023,City_Regency
PAPUA,86.64,66.27,2023,Province
Merauke,80.02,56.11,2023,City_Regency
Jayawijaya,90.73,80.71,2023,City_Regency
Jayapura,82.64,51.04,2023,City_Regency
Nabire,81.8,54.86,2023,City_Regency
Kepulauan Yapen,75.74,45.16,2023,City_Regency
Biak Numfor,74.33,57.16,2023,City_Regency
Paniai,88.54,48.06,2023,City_Regency
Puncak Jaya,95.5,74.28,2023,City_Regency
Mimika,85.41,42.67,2023,City_Regency
Boven Digoel,81.96,59.67,2023,City_Regency
Mappi,74.83,34.87,2023,City_Regency
Asmat,67.86,50.72,2023,City_Regency
Yahukimo,89.84,65.82,2023,City_Regency
Pegunungan Bintang,90.51,83.84,2023,City_Regency
Tolikara,91.32,89.72,2023,City_Regency
Sarmi,79.4,49.54,2023,City_Regency
Keerom,87.48,64.53,2023,City_Regency
Waropen,77.04,54.39,2023,City_Regency
Supiori,71.68,42.08,2023,City_Regency
Mamberamo Raya,54.37,29.89,2023,City_Regency
Nduga,95.35,98.09,2023,City_Regency
Lanny Jaya,94.47,96.45,2023,City_Regency
Mamberamo Tengah,93.62,91.23,2023,City_Regency
Yalimo,92.54,91.03,2023,City_Regency
Puncak,94.05,92.62,2023,City_Regency
Dogiyai,89.93,88.86,2023,City_Regency
Intan Jaya,89.36,75.53,2023,City_Regency
Deiyai,84.26,51.29,2023,City_Regency
Kota Jayapura,81.92,50.37,2023,City_Regency
PAPUA SELATAN,,,2023,Province
Merauke,,,2023,City_Regency
Boven Digoel,,,2023,City_Regency
Mappi,,,2023,City_Regency
Asmat,,,2023,City_Regency
PAPUA TENGAH,,,2023,Province
Mimika,,,2023,City_Regency
Dogiyai,,,2023,City_Regency
Deiyai,,,2023,City_Regency
Nabire,,,2023,City_Regency
Paniai,,,2023,City_Regency
Intan Jaya,,,2023,City_Regency
Puncak,,,2023,City_Regency
Puncak Jaya,,,2023,City_Regency
PAPUA PEGUNUNGAN,,,2023,Province
Nduga,,,2023,City_Regency
Jayawijaya,,,2023,City_Regency
Lanny Jaya,,,2023,City_Regency
Tolikara,,,2023,City_Regency
Mamberamo Tengah,,,2023,City_Regency
Yalimo,,,2023,City_Regency
Yahukimo,,,2023,City_Regency
Pegunungan Bintang,,,2023,City_Regency
INDONESIA,84.26,54.52,2023,National
ACEH,80.68,49.62,2024,Province
Simeulue,83.7,58.02,2024,City_Regency
Aceh Singkil,76.25,39.11,2024,City_Regency
Aceh Selatan,75.9,42.68,2024,City_Regency
Aceh Tenggara,84.75,56.27,2024,City_Regency
Aceh Timur,82.94,38.86,2024,City_Regency
Aceh Tengah,87.23,67.4,2024,City_Regency
Aceh Barat,73.18,47.15,2024,City_Regency
Aceh Besar,82.41,51.59,2024,City_Regency
Pidie,79.09,45.64,2024,City_Regency
Bireuen,80.74,54.36,2024,City_Regency
Aceh Utara,76.33,42.04,2024,City_Regency
Aceh Barat Daya,83.08,37.63,2024,City_Regency
Gayo Lues,87.06,71.43,2024,City_Regency
Aceh Tamiang,85.19,53.99,2024,City_Regency
Nagan Raya,84.63,43.0,2024,City_Regency
Aceh Jaya,83.56,58.01,2024,City_Regency
Bener Meriah,89.18,78.39,2024,City_Regency
Pidie Jaya,76.32,43.9,2024,City_Regency
Kota Banda Aceh,77.17,53.01,2024,City_Regency
Kota Sabang,81.57,54.71,2024,City_Regency
Kota Langsa,74.78,45.38,2024,City_Regency
Kota Lhokseumawe,79.44,50.25,2024,City_Regency
Kota Subulussalam,85.98,50.87,2024,City_Regency
SUMATERA UTARA,84.25,58.54,2024,Province
Nias,82.37,82.52,2024,City_Regency
Mandailing Natal,77.52,51.63,2024,City_Regency
Tapanuli Selatan,82.29,69.01,2024,City_Regency
Tapanuli Tengah,84.62,66.75,2024,City_Regency
Tapanuli Utara,85.91,81.48,2024,City_Regency
Toba Samosir / Toba,88.17,77.05,2024,City_Regency
Labuhan Batu,82.82,47.66,2024,City_Regency
Asahan,84.09,50.98,2024,City_Regency
Simalungun,79.95,62.63,2024,City_Regency
Dairi,87.79,79.86,2024,City_Regency
Karo,89.61,78.82,2024,City_Regency
Deli Serdang,85.69,49.47,2024,City_Regency
Langkat,90.74,61.74,2024,City_Regency
Nias Selatan,84.2,73.44,2024,City_Regency
Humbang Hasundutan,88.46,84.6,2024,City_Regency
Pakpak Bharat,89.91,80.89,2024,City_Regency
Samosir,90.55,80.73,2024,City_Regency
Serdang Bedagai,83.95,51.5,2024,City_Regency
Batu Bara,89.52,54.6,2024,City_Regency
Padang Lawas Utara,81.95,63.72,2024,City_Regency
Padang Lawas,89.15,65.86,2024,City_Regency
Labuhan Batu Selatan,87.22,55.86,2024,City_Regency
Labuhan Batu Utara,85.45,43.87,2024,City_Regency
Nias Utara,86.23,73.37,2024,City_Regency
Nias Barat,84.66,78.02,2024,City_Regency
Kota Sibolga,80.56,61.1,2024,City_Regency
Kota Tanjung Balai,84.25,54.55,2024,City_Regency
Kota Pematang Siantar,83.37,60.73,2024,City_Regency
Kota Tebing Tinggi,82.19,51.3,2024,City_Regency
Kota Medan,81.11,52.15,2024,City_Regency
Kota Binjai,79.67,49.12,2024,City_Regency
Kota Padangsidimpuan,80.0,56.85,2024,City_Regency
Kota Gunungsitoli,81.61,61.45,2024,City_Regency
SUMATERA BARAT,82.75,57.75,2024,Province
Kepulauan Mentawai,86.66,80.01,2024,City_Regency
Pesisir Selatan,83.7,48.31,2024,City_Regency
Solok,86.63,66.93,2024,City_Regency
Sijunjung,82.89,57.26,2024,City_Regency
Tanah Datar,83.46,58.91,2024,City_Regency
Padang Pariaman,76.8,57.53,2024,City_Regency
Agam,80.99,57.84,2024,City_Regency
Lima Puluh Kota,84.1,64.3,2024,City_Regency
Pasaman,84.74,58.83,2024,City_Regency
Solok Selatan,87.17,65.91,2024,City_Regency
Dharmasraya,89.72,58.76,2024,City_Regency
Pasaman Barat,84.4,49.48,2024,City_Regency
Kota Padang,80.18,54.25,2024,City_Regency
Kota Solok,79.77,62.54,2024,City_Regency
Kota Sawah Lunto,83.7,63.35,2024,City_Regency
Kota Padang Panjang,76.35,56.34,2024,City_Regency
Kota Bukittinggi,82.67,57.48,2024,City_Regency
Kota Payakumbuh,80.57,60.51,2024,City_Regency
Kota Pariaman,80.54,59.2,2024,City_Regency
RIAU,84.8,47.05,2024,Province
Kuantan Singingi,85.13,45.37,2024,City_Regency
Indragiri Hulu,85.03,44.48,2024,City_Regency
Indragiri Hilir,85.8,49.29,2024,City_Regency
Pelalawan,88.4,44.74,2024,City_Regency
Siak,86.21,46.91,2024,City_Regency
Kampar,83.06,43.57,2024,City_Regency
Rokan Hulu,88.42,47.03,2024,City_Regency
Bengkalis,85.09,44.56,2024,City_Regency
Rokan Hilir,85.85,44.31,2024,City_Regency
Kepulauan Meranti,83.36,52.09,2024,City_Regency
Kota Pekanbaru,80.58,53.92,2024,City_Regency
Kota Dumai,84.75,44.8,2024,City_Regency
JAMBI,86.04,51.17,2024,Province
Kerinci,88.64,66.71,2024,City_Regency
Merangin,87.13,62.03,2024,City_Regency
Sarolangun,87.17,48.41,2024,City_Regency
Batang Hari,85.73,40.47,2024,City_Regency
Muaro Jambi,89.04,50.6,2024,City_Regency
Tanjung Jabung Timur,88.69,41.47,2024,City_Regency
Tanjung Jabung Barat,86.55,47.76,2024,City_Regency
Tebo,87.33,50.09,2024,City_Regency
Bungo,85.79,49.82,2024,City_Regency
Kota Jambi,81.18,51.59,2024,City_Regency
Kota Sungai Penuh,79.44,53.3,2024,City_Regency
SUMATERA SELATAN,85.79,55.35,2024,Province
Ogan Komering Ulu,84.94,56.98,2024,City_Regency
Ogan Komering Ilir,88.03,50.5,2024,City_Regency
Muara Enim,86.88,57.73,2024,City_Regency
Lahat,85.02,60.39,2024,City_Regency
Musi Rawas,89.56,59.03,2024,City_Regency
Musi Banyuasin,86.04,52.71,2024,City_Regency
Banyu Asin,87.78,41.94,2024,City_Regency
Ogan Komering Ulu Selatan,92.37,66.58,2024,City_Regency
Ogan Komering Ulu Timur,89.67,63.99,2024,City_Regency
Ogan Ilir,88.71,67.11,2024,City_Regency
Empat Lawang,85.96,69.56,2024,City_Regency
Penukal Abab Lematang Ilir,88.09,69.85,2024,City_Regency
Musi Rawas Utara,83.99,55.97,2024,City_Regency
Kota Palembang,79.03,46.24,2024,City_Regency
Kota Prabumulih,82.64,58.38,2024,City_Regency
Kota Pagar Alam,88.35,67.43,2024,City_Regency
Kota Lubuklinggau,82.51,59.92,2024,City_Regency
BENGKULU,85.1,57.74,2024,Province
Bengkulu Selatan,86.53,61.98,2024,City_Regency
Rejang Lebong,85.73,63.72,2024,City_Regency
Bengkulu Utara,86.86,56.21,2024,City_Regency
Kaur,85.89,56.42,2024,City_Regency
Seluma,89.18,56.69,2024,City_Regency
Mukomuko,85.79,45.95,2024,City_Regency
Lebong,87.7,54.66,2024,City_Regency
Kepahiang,86.84,65.56,2024,City_Regency
Bengkulu Tengah,86.52,50.39,2024,City_Regency
Kota Bengkulu,77.73,59.29,2024,City_Regency
LAMPUNG,85.61,54.58,2024,Province
Lampung Barat,90.91,74.07,2024,City_Regency
Tanggamus,87.83,52.43,2024,City_Regency
Lampung Selatan,83.37,50.67,2024,City_Regency
Lampung Timur,86.73,50.62,2024,City_Regency
Lampung Tengah,85.62,60.96,2024,City_Regency
Lampung Utara,82.23,50.44,2024,City_Regency
Way Kanan,88.92,57.9,2024,City_Regency
Tulangbawang,91.18,50.58,2024,City_Regency
Pesawaran,86.32,54.13,2024,City_Regency
Pringsewu,89.44,56.82,2024,City_Regency
Mesuji,88.42,50.84,2024,City_Regency
Tulang Bawang Barat,89.17,52.05,2024,City_Regency
Pesisir Barat,86.12,57.58,2024,City_Regency
Kota Bandar Lampung,79.91,52.19,2024,City_Regency
Kota Metro,81.53,58.66,2024,City_Regency
KEP. BANGKA BELITUNG,86.2,50.57,2024,Province
Bangka,84.55,50.26,2024,City_Regency
Belitung,87.1,48.6,2024,City_Regency
Bangka Barat,87.44,52.07,2024,City_Regency
Bangka Tengah,88.18,50.98,2024,City_Regency
Bangka Selatan,89.97,46.9,2024,City_Regency
Belitung Timur,86.78,53.19,2024,City_Regency
Kota Pangkal Pinang,81.02,52.73,2024,City_Regency
KEPULAUAN RIAU,85.73,52.15,2024,Province
Karimun,83.04,52.68,2024,City_Regency
Bintan,84.38,50.91,2024,City_Regency
Natuna,85.75,59.03,2024,City_Regency
Lingga,81.3,41.72,2024,City_Regency
Kepulauan Anambas,80.5,57.11,2024,City_Regency
Kota Batam,87.98,51.48,2024,City_Regency
Kota Tanjung Pinang,81.03,56.96,2024,City_Regency
DKI JAKARTA,79.95,50.24,2024,Province
Kep. Seribu,84.91,60.42,2024,City_Regency
Kota Jakarta Selatan,79.2,50.47,2024,City_Regency
Kota Jakarta Timur,78.9,50.19,2024,City_Regency
Kota Jakarta Pusat,79.49,50.44,2024,City_Regency
Kota Jakarta Barat,79.81,48.39,2024,City_Regency
Kota Jakarta Utara,83.1,52.34,2024,City_Regency
JAWA BARAT,84.51,50.59,2024,Province
Bogor,85.99,45.57,2024,City_Regency
Sukabumi,85.69,53.44,2024,City_Regency
Cianjur,88.86,55.61,2024,City_Regency
Bandung,82.71,51.25,2024,City_Regency
Garut,85.54,56.48,2024,City_Regency
Tasikmalaya,83.98,53.26,2024,City_Regency
Ciamis,80.8,55.64,2024,City_Regency
Kuningan,80.57,50.85,2024,City_Regency
Cirebon,86.46,51.86,2024,City_Regency
Majalengka,85.24,54.11,2024,City_Regency
Sumedang,83.74,54.65,2024,City_Regency
Indramayu,84.71,48.21,2024,City_Regency
Subang,87.76,55.83,2024,City_Regency
Purwakarta,86.62,46.19,2024,City_Regency
Karawang,83.56,43.48,2024,City_Regency
Bekasi,85.51,44.34,2024,City_Regency
Bandung Barat,87.12,48.84,2024,City_Regency
Pangandaran,91.31,69.11,2024,City_Regency
Kota Bogor,83.71,50.69,2024,City_Regency
Kota Sukabumi,79.54,45.67,2024,City_Regency
Kota Bandung,83.93,51.96,2024,City_Regency
Kota Cirebon,82.41,54.77,2024,City_Regency
Kota Bekasi,80.54,50.63,2024,City_Regency
Kota Depok,78.9,46.83,2024,City_Regency
Kota Cimahi,82.9,49.99,2024,City_Regency
Kota Tasikmalaya,83.54,54.03,2024,City_Regency
Kota Banjar,82.35,52.16,2024,City_Regency
JAWA TENGAH,85.66,61.82,2024,Province
Cilacap,83.55,52.28,2024,City_Regency
Banyumas,85.44,50.62,2024,City_Regency
Purbalingga,86.48,62.25,2024,City_Regency
Banjarnegara,87.45,58.96,2024,City_Regency
Kebumen,88.08,66.46,2024,City_Regency
Purworejo,84.64,62.87,2024,City_Regency
Wonosobo,87.55,61.97,2024,City_Regency
Magelang,87.51,67.9,2024,City_Regency
Boyolali,84.67,65.85,2024,City_Regency
Klaten,84.73,64.0,2024,City_Regency
Sukoharjo,79.64,56.92,2024,City_Regency
Wonogiri,88.0,67.63,2024,City_Regency
Karanganyar,85.07,64.27,2024,City_Regency
Sragen,84.19,65.1,2024,City_Regency
Grobogan,90.17,63.01,2024,City_Regency
Blora,85.38,61.75,2024,City_Regency
Rembang,87.23,61.76,2024,City_Regency
Pati,88.61,65.08,2024,City_Regency
Kudus,83.36,67.86,2024,City_Regency
Jepara,86.16,57.69,2024,City_Regency
Demak,86.06,58.56,2024,City_Regency
Semarang,87.09,71.67,2024,City_Regency
Temanggung,87.61,68.52,2024,City_Regency
Kendal,87.16,66.45,2024,City_Regency
Batang,88.96,66.81,2024,City_Regency
Pekalongan,87.33,65.13,2024,City_Regency
Pemalang,85.15,59.09,2024,City_Regency
Tegal,82.33,64.47,2024,City_Regency
Brebes,88.09,55.38,2024,City_Regency
Kota Magelang,77.91,57.68,2024,City_Regency
Kota Surakarta,78.93,56.45,2024,City_Regency
Kota Salatiga,80.18,61.65,2024,City_Regency
Kota Semarang,79.92,60.24,2024,City_Regency
Kota Pekalongan,85.54,66.48,2024,City_Regency
Kota Tegal,83.51,55.63,2024,City_Regency
D I YOGYAKARTA,83.27,66.59,2024,Province
Kulon Progo,84.69,72.66,2024,City_Regency
Bantul,82.77,67.15,2024,City_Regency
Gunung Kidul,86.6,67.51,2024,City_Regency
Sleman,82.86,63.99,2024,City_Regency
Kota Yogyakarta,77.43,64.19,2024,City_Regency
JAWA TIMUR,86.52,60.64,2024,Province
Pacitan,90.3,82.93,2024,City_Regency
Ponorogo,87.19,70.46,2024,City_Regency
Trenggalek,89.94,70.27,2024,City_Regency
Tulungagung,87.99,63.29,2024,City_Regency
Blitar,87.26,57.41,2024,City_Regency
Kediri,86.69,55.76,2024,City_Regency
Malang,87.02,58.74,2024,City_Regency
Lumajang,88.5,53.91,2024,City_Regency
Jember,87.96,59.84,2024,City_Regency
Banyuwangi,88.01,62.87,2024,City_Regency
Bondowoso,89.86,60.97,2024,City_Regency
Situbondo,89.85,64.13,2024,City_Regency
Probolinggo,88.74,58.3,2024,City_Regency
Pasuruan,87.51,63.27,2024,City_Regency
Sidoarjo,82.54,54.23,2024,City_Regency
Mojokerto,87.06,60.88,2024,City_Regency
Jombang,85.48,58.2,2024,City_Regency
Nganjuk,84.35,55.22,2024,City_Regency
Madiun,85.4,59.73,2024,City_Regency
Magetan,86.42,68.12,2024,City_Regency
Ngawi,86.19,65.64,2024,City_Regency
Bojonegoro,88.26,59.53,2024,City_Regency
Tuban,89.92,59.41,2024,City_Regency
Lamongan,89.0,60.78,2024,City_Regency
Gresik,86.8,56.37,2024,City_Regency
Bangkalan,84.17,57.37,2024,City_Regency
Sampang,87.54,60.1,2024,City_Regency
Pamekasan,87.27,71.42,2024,City_Regency
Sumenep,87.24,69.82,2024,City_Regency
Kota Kediri,80.99,60.55,2024,City_Regency
Kota Blitar,82.02,59.23,2024,City_Regency
Kota Malang,79.5,55.86,2024,City_Regency
Kota Probolinggo,82.44,53.09,2024,City_Regency
Kota Pasuruan,82.98,62.58,2024,City_Regency
Kota Mojokerto,84.06,61.61,2024,City_Regency
Kota Madiun,78.87,62.81,2024,City_Regency
Kota Surabaya,81.92,59.48,2024,City_Regency
Kota Batu,87.33,59.65,2024,City_Regency
BANTEN,82.95,48.9,2024,Province
Pandeglang,83.45,49.49,2024,City_Regency
Lebak,87.26,57.53,2024,City_Regency
Tangerang,84.29,46.78,2024,City_Regency
Serang,83.05,51.86,2024,City_Regency
Kota Tangerang,82.13,49.79,2024,City_Regency
Kota Cilegon,78.06,43.26,2024,City_Regency
Kota Serang,84.38,53.21,2024,City_Regency
Kota Tangerang Selatan,76.58,40.01,2024,City_Regency
BALI,83.77,70.49,2024,Province
Jembrana,86.78,73.49,2024,City_Regency
Tabanan,83.17,67.59,2024,City_Regency
Badung,83.16,68.07,2024,City_Regency
Gianyar,83.7,69.46,2024,City_Regency
Klungkung,82.89,71.58,2024,City_Regency
Bangli,88.02,76.49,2024,City_Regency
Karangasem,87.41,80.11,2024,City_Regency
Buleleng,84.77,74.78,2024,City_Regency
Kota Denpasar,78.8,60.5,2024,City_Regency
NUSA TENGGARA BARAT,86.47,68.04,2024,Province
Lombok Barat,87.97,64.47,2024,City_Regency
Lombok Tengah,86.88,71.38,2024,City_Regency
Lombok Timur,86.95,69.94,2024,City_Regency
Sumbawa,83.45,64.46,2024,City_Regency
Dompu,86.66,73.96,2024,City_Regency
Bima,86.81,69.23,2024,City_Regency
Sumbawa Barat,87.81,63.59,2024,City_Regency
Lombok Utara,91.84,69.91,2024,City_Regency
Kota Mataram,82.48,61.41,2024,City_Regency
Kota Bima,82.15,64.58,2024,City_Regency
NUSA TENGGARA TIMUR,84.7,70.4,2024,Province
Sumba Barat,81.47,72.69,2024,City_Regency
Sumba Timur,81.34,67.17,2024,City_Regency
Kupang,82.91,55.44,2024,City_Regency
Timor Tengah Selatan,93.2,81.81,2024,City_Regency
Timor Tengah Utara,86.81,78.52,2024,City_Regency
Belu,89.36,70.44,2024,City_Regency
Alor,84.31,78.13,2024,City_Regency
Lembata,88.57,79.08,2024,City_Regency
Flores Timur,81.56,67.42,2024,City_Regency
Sikka,82.23,66.47,2024,City_Regency
Ende,82.04,72.86,2024,City_Regency
Ngada,89.36,83.57,2024,City_Regency
Manggarai,88.28,78.04,2024,City_Regency
Rote Ndao,82.42,61.14,2024,City_Regency
Manggarai Barat,83.81,69.56,2024,City_Regency
Sumba Tengah,83.82,69.1,2024,City_Regency
Sumba Barat Daya,86.28,70.78,2024,City_Regency
Nagekeo,85.11,67.33,2024,City_Regency
Manggarai Timur,88.16,78.47,2024,City_Regency
Sabu Raijua,82.85,71.68,2024,City_Regency
Malaka,76.63,67.68,2024,City_Regency
Kota Kupang,79.1,54.86,2024,City_Regency
KALIMANTAN BARAT,86.05,53.95,2024,Province
Sambas,85.2,59.91,2024,City_Regency
Bengkayang,86.85,56.88,2024,City_Regency
Landak,85.61,56.55,2024,City_Regency
Mempawah,88.88,56.54,2024,City_Regency
Sanggau,87.44,54.67,2024,City_Regency
Ketapang,89.57,41.81,2024,City_Regency
Sintang,85.87,63.22,2024,City_Regency
Kapuas Hulu,86.15,65.25,2024,City_Regency
Sekadau,90.71,61.41,2024,City_Regency
Melawi,88.96,60.51,2024,City_Regency
Kayong Utara,86.82,55.67,2024,City_Regency
Kubu Raya,87.66,43.07,2024,City_Regency
Kota Pontianak,78.59,50.68,2024,City_Regency
Kota Singkawang,81.13,50.46,2024,City_Regency
KALIMANTAN TENGAH,86.5,49.6,2024,Province
Kotawaringin Barat,88.89,47.87,2024,City_Regency
Kotawaringin Timur,85.63,40.77,2024,City_Regency
Kapuas,88.1,53.9,2024,City_Regency
Barito Selatan,84.54,52.58,2024,City_Regency
Barito Utara,84.87,55.61,2024,City_Regency
Sukamara,85.39,52.27,2024,City_Regency
Lamandau,87.99,53.78,2024,City_Regency
Seruyan,89.33,48.06,2024,City_Regency
Katingan,85.96,47.82,2024,City_Regency
Pulang Pisau,90.03,53.13,2024,City_Regency
Gunung Mas,87.72,47.35,2024,City_Regency
Barito Timur,87.71,68.91,2024,City_Regency
Murung Raya,82.49,37.92,2024,City_Regency
Kota Palangka Raya,82.15,49.37,2024,City_Regency
KALIMANTAN SELATAN,84.71,55.52,2024,Province
Tanah Laut,88.96,56.4,2024,City_Regency
Kotabaru,85.02,45.25,2024,City_Regency
Banjar,86.42,55.45,2024,City_Regency
Barito Kuala,88.92,57.66,2024,City_Regency
Tapin,83.28,53.03,2024,City_Regency
Hulu Sungai Selatan,87.24,64.32,2024,City_Regency
Hulu Sungai Tengah,85.5,63.51,2024,City_Regency
Hulu Sungai Utara,84.75,63.09,2024,City_Regency
Tabalong,85.03,63.08,2024,City_Regency
Tanah Bumbu,87.02,46.8,2024,City_Regency
Balangan,86.86,66.81,2024,City_Regency
Kota Banjarmasin,77.16,50.93,2024,City_Regency
Kota Banjar Baru,81.87,52.65,2024,City_Regency
KALIMANTAN TIMUR,83.75,49.07,2024,Province
Paser,89.43,46.22,2024,City_Regency
Kutai Barat,83.77,55.1,2024,City_Regency
Kutai Kartanegara,83.85,44.86,2024,City_Regency
Kutai Timur,86.25,43.71,2024,City_Regency
Berau,86.02,46.32,2024,City_Regency
Penajam Paser Utara,88.5,56.79,2024,City_Regency
Mahakam Ulu,81.17,57.98,2024,City_Regency
Kota Balikpapan,80.33,52.71,2024,City_Regency
Kota Samarinda,80.87,49.7,2024,City_Regency
Kota Bontang,84.11,50.72,2024,City_Regency
KALIMANTAN UTARA,86.51,52.14,2024,Province
Malinau,86.54,57.83,2024,City_Regency
Bulungan,87.8,53.51,2024,City_Regency
Tana Tidung,87.49,58.41,2024,City_Regency
Nunukan,90.74,58.03,2024,City_Regency
Kota Tarakan,81.88,44.0,2024,City_Regency
SULAWESI UTARA,81.91,49.59,2024,Province
Bolaang Mongondow,86.06,48.52,2024,City_Regency
Minahasa,79.84,49.54,2024,City_Regency
Kepulauan Sangihe,80.64,45.18,2024,City_Regency
Kepulauan Talaud,80.4,57.74,2024,City_Regency
Minahasa Selatan,84.0,48.62,2024,City_Regency
Minahasa Utara,82.7,43.66,2024,City_Regency
Bolaang Mongondow Utara,84.19,49.42,2024,City_Regency
Siau Tagulandang Biaro,83.78,55.19,2024,City_Regency
Minahasa Tenggara,87.19,57.93,2024,City_Regency
Bolaang Mongondow Selatan,87.3,44.36,2024,City_Regency
Bolaang Mongondow Timur,85.46,37.76,2024,City_Regency
Kota Manado,76.34,50.09,2024,City_Regency
Kota Bitung,82.61,52.39,2024,City_Regency
Kota Tomohon,76.36,50.92,2024,City_Regency
Kota Kotamobagu,86.25,55.52,2024,City_Regency
SULAWESI TENGAH,85.94,55.47,2024,Province
Banggai Kepulauan,84.89,61.84,2024,City_Regency
Banggai,86.46,56.41,2024,City_Regency
Morowali,85.2,30.82,2024,City_Regency
Poso,82.17,54.34,2024,City_Regency
Donggala,85.01,50.77,2024,City_Regency
Toli-Toli,87.54,49.58,2024,City_Regency
Buol,85.95,54.36,2024,City_Regency
Parigi Moutong,88.91,59.79,2024,City_Regency
Tojo Una-Una,88.83,60.41,2024,City_Regency
Sigi,86.93,64.43,2024,City_Regency
Banggai Laut,85.2,52.51,2024,City_Regency
Morowali Utara,84.72,54.5,2024,City_Regency
Kota Palu,83.4,57.72,2024,City_Regency
SULAWESI SELATAN,82.52,52.68,2024,Province
Kepulauan Selayar,79.84,55.25,2024,City_Regency
Bulukumba,84.85,60.79,2024,City_Regency
Bantaeng,88.05,69.11,2024,City_Regency
Jeneponto,85.1,50.51,2024,City_Regency
Takalar,85.3,44.93,2024,City_Regency
Gowa,86.57,59.5,2024,City_Regency
Sinjai,84.36,61.79,2024,City_Regency
Maros,79.4,43.88,2024,City_Regency
Pangkajene dan Kepulauan,84.96,58.16,2024,City_Regency
Barru,78.57,41.26,2024,City_Regency
Bone,82.44,47.12,2024,City_Regency
Soppeng,81.41,45.23,2024,City_Regency
Wajo,84.58,52.19,2024,City_Regency
Sidenreng Rappang,83.97,39.21,2024,City_Regency
Pinrang,82.58,46.53,2024,City_Regency
Enrekang,85.25,65.17,2024,City_Regency
Luwu,81.73,54.78,2024,City_Regency
Tana Toraja,80.71,71.72,2024,City_Regency
Luwu Utara,84.96,53.34,2024,City_Regency
Luwu Timur,86.06,53.55,2024,City_Regency
Toraja Utara,78.75,66.07,2024,City_Regency
Kota Makasar,77.44,47.06,2024,City_Regency
Kota Parepare,81.42,58.3,2024,City_Regency
Kota Palopo,80.45,52.02,2024,City_Regency
SULAWESI TENGGARA,85.03,60.3,2024,Province
Buton,81.17,57.19,2024,City_Regency
Muna,78.23,62.68,2024,City_Regency
Konawe,84.67,50.13,2024,City_Regency
Kolaka,91.12,74.58,2024,City_Regency
Konawe Selatan,88.63,51.12,2024,City_Regency
Bombana,87.13,56.64,2024,City_Regency
Wakatobi,83.86,61.69,2024,City_Regency
Kolaka Utara,91.64,71.07,2024,City_Regency
Buton Utara,87.13,76.31,2024,City_Regency
Konawe Utara,87.92,67.75,2024,City_Regency
Kolaka Timur,86.19,57.02,2024,City_Regency
Konawe Kepulauan,89.62,72.73,2024,City_Regency
Muna Barat,84.53,63.43,2024,City_Regency
Buton Tengah,79.35,56.57,2024,City_Regency
Buton Selatan,87.79,75.99,2024,City_Regency
Kota Kendari,81.25,55.49,2024,City_Regency
Kota Baubau,80.51,58.12,2024,City_Regency
GORONTALO,84.5,55.23,2024,Province
Boalemo,84.4,54.18,2024,City_Regency
Gorontalo,86.05,56.83,2024,City_Regency
Pohuwato,87.31,56.23,2024,City_Regency
Bone Bolango,85.14,52.56,2024,City_Regency
Gorontalo Utara,83.16,56.14,2024,City_Regency
Kota Gorontalo,79.75,53.75,2024,City_Regency
SULAWESI BARAT,85.95,56.46,2024,Province
Majene,80.13,47.42,2024,City_Regency
Polewali Mandar,83.99,57.47,2024,City_Regency
Mamasa,86.93,63.75,2024,City_Regency
Mamuju,88.45,61.92,2024,City_Regency
Mamuju Utara / Pasangkayu,88.81,54.11,2024,City_Regency
Mamuju Tengah,89.21,47.53,2024,City_Regency
MALUKU,76.62,56.25,2024,Province
Maluku Tenggara Barat / Kepulauan Tanimbar,73.88,51.95,2024,City_Regency
Maluku Tenggara,72.29,62.98,2024,City_Regency
Maluku Tengah,74.52,57.48,2024,City_Regency
Buru,86.05,58.34,2024,City_Regency
Kepulauan Aru,81.54,40.89,2024,City_Regency
Seram Bagian Barat,78.11,60.95,2024,City_Regency
Seram Bagian Timur,71.34,50.33,2024,City_Regency
Maluku Barat Daya,81.34,59.96,2024,City_Regency
Buru Selatan,77.47,66.41,2024,City_Regency
Kota Ambon,76.29,56.95,2024,City_Regency
Kota Tual,77.53,44.42,2024,City_Regency
MALUKU UTARA,82.4,54.98,2024,Province
Halmahera Barat,81.3,56.71,2024,City_Regency
Halmahera Tengah,89.94,49.51,2024,City_Regency
Kepulauan Sula,80.38,46.46,2024,City_Regency
Halmahera Selatan,85.31,63.33,2024,City_Regency
Halmahera Utara,81.74,59.19,2024,City_Regency
Halmahera Timur,86.74,50.93,2024,City_Regency
Pulau Morotai,81.29,51.33,2024,City_Regency
Pulau Taliabu,81.75,48.02,2024,City_Regency
Kota Ternate,75.48,51.59,2024,City_Regency
Kota Tidore Kepulauan,85.74,53.14,2024,City_Regency
PAPUA BARAT,81.42,59.8,2024,Province
Fakfak,73.42,49.0,2024,City_Regency
Kaimana,79.14,53.94,2024,City_Regency
Teluk Wondama,79.5,64.84,2024,City_Regency
Teluk Bintuni,81.7,52.88,2024,City_Regency
Manokwari,81.74,58.51,2024,City_Regency
Sorong Selatan,,,2024,City_Regency
Sorong,,,2024,City_Regency
Raja Ampat,,,2024,City_Regency
Tambrauw,,,2024,City_Regency
Maybrat,,,2024,City_Regency
Manokwari Selatan,87.77,74.15,2024,City_Regency
Pegunungan Arfak,94.55,89.75,2024,City_Regency
Kota Sorong,,,2024,City_Regency
PAPUA BARAT DAYA,79.64,54.72,2024,Province
Raja Ampat,80.42,45.15,2024,City_Regency
Sorong,84.46,53.71,2024,City_Regency
Sorong Selatan,78.86,59.46,2024,City_Regency
Maybrat,83.86,78.51,2024,City_Regency
Tambrauw,87.47,71.13,2024,City_Regency
Kota Sorong,76.23,50.71,2024,City_Regency
PAPUA,79.01,56.45,2024,Province
Merauke,,,2024,City_Regency
Jayawijaya,,,2024,City_Regency
Jayapura,77.0,51.68,2024,City_Regency
Nabire,,,2024,City_Regency
Kepulauan Yapen,79.16,54.83,2024,City_Regency
Biak Numfor,80.65,67.13,2024,City_Regency
Paniai,,,2024,City_Regency
Puncak Jaya,,,2024,City_Regency
Mimika,,,2024,City_Regency
Boven Digoel,,,2024,City_Regency
Mappi,,,2024,City_Regency
Asmat,,,2024,City_Regency
Yahukimo,,,2024,City_Regency
Pegunungan Bintang,,,2024,City_Regency
Tolikara,,,2024,City_Regency
Sarmi,73.69,47.53,2024,City_Regency
Keerom,89.21,67.15,2024,City_Regency
Waropen,85.34,71.19,2024,City_Regency
Supiori,74.61,56.34,2024,City_Regency
Mamberamo Raya,73.03,35.33,2024,City_Regency
Nduga,,,2024,City_Regency
Lanny Jaya,,,2024,City_Regency
Mamberamo Tengah,,,2024,City_Regency
Yalimo,,,2024,City_Regency
Puncak,,,2024,City_Regency
Dogiyai,,,2024,City_Regency
Intan Jaya,,,2024,City_Regency
Deiyai,,,2024,City_Regency
Kota Jayapura,78.57,55.29,2024,City_Regency
PAPUA SELATAN,82.39,59.7,2024,Province
Merauke,84.72,61.17,2024,City_Regency
Boven Digoel,80.89,61.59,2024,City_Regency
Mappi,75.57,45.54,2024,City_Regency
Asmat,84.78,70.14,2024,City_Regency
PAPUA TENGAH,85.03,59.32,2024,Province
Mimika,85.54,47.38,2024,City_Regency
Dogiyai,93.58,92.75,2024,City_Regency
Deiyai,72.41,41.31,2024,City_Regency
Nabire,83.59,57.71,2024,City_Regency
Paniai,86.8,48.63,2024,City_Regency
Intan Jaya,79.01,55.03,2024,City_Regency
Puncak,88.62,83.77,2024,City_Regency
Puncak Jaya,86.32,63.37,2024,City_Regency
PAPUA PEGUNUNGAN,90.37,85.71,2024,Province
Nduga,94.58,95.08,2024,City_Regency
Jayawijaya,88.02,83.77,2024,City_Regency
Lanny Jaya,93.69,93.41,2024,City_Regency
Tolikara,91.33,85.85,2024,City_Regency
Mamberamo Tengah,91.94,88.97,2024,City_Regency
Yalimo,83.09,84.36,2024,City_Regency
Yahukimo,90.21,80.21,2024,City_Regency
Pegunungan Bintang,89.51,85.1,2024,City_Regency
INDONESIA,84.66,56.42,2024,National
ACEH,80.68,50.01,2025,Province
Simeulue,82.15,58.12,2025,City_Regency
Aceh Singkil,70.54,44.68,2025,City_Regency
Aceh Selatan,83.12,35.64,2025,City_Regency
Aceh Tenggara,77.82,63.82,2025,City_Regency
Aceh Timur,81.01,41.37,2025,City_Regency
Aceh Tengah,85.7,69.33,2025,City_Regency
Aceh Barat,74.28,47.0,2025,City_Regency
Aceh Besar,79.24,54.62,2025,City_Regency
Pidie,76.98,49.32,2025,City_Regency
Bireuen,82.0,53.61,2025,City_Regency
Aceh Utara,80.03,39.39,2025,City_Regency
Aceh Barat Daya,75.66,45.89,2025,City_Regency
Gayo Lues,84.03,72.79,2025,City_Regency
Aceh Tamiang,85.04,54.24,2025,City_Regency
Nagan Raya,87.38,40.97,2025,City_Regency
Aceh Jaya,85.51,55.84,2025,City_Regency
Bener Meriah,88.73,77.29,2025,City_Regency
Pidie Jaya,78.31,42.72,2025,City_Regency
Kota Banda Aceh,79.61,50.48,2025,City_Regency
Kota Sabang,79.87,56.02,2025,City_Regency
Kota Langsa,80.2,40.66,2025,City_Regency
Kota Lhokseumawe,79.61,49.98,2025,City_Regency
Kota Subulussalam,85.84,49.8,2025,City_Regency
SUMATERA UTARA,84.85,59.8,2025,Province
Nias,79.78,75.15,2025,City_Regency
Mandailing Natal,83.18,60.08,2025,City_Regency
Tapanuli Selatan,85.04,65.6,2025,City_Regency
Tapanuli Tengah,85.66,69.27,2025,City_Regency
Tapanuli Utara,85.1,80.74,2025,City_Regency
Toba Samosir / Toba,84.2,72.5,2025,City_Regency
Labuhan Batu,85.06,46.87,2025,City_Regency
Asahan,85.05,52.98,2025,City_Regency
Simalungun,88.81,60.16,2025,City_Regency
Dairi,87.85,78.66,2025,City_Regency
Karo,88.73,83.42,2025,City_Regency
Deli Serdang,84.86,55.45,2025,City_Regency
Langkat,88.04,53.45,2025,City_Regency
Nias Selatan,85.04,72.48,2025,City_Regency
Humbang Hasundutan,91.56,82.48,2025,City_Regency
Pakpak Bharat,90.62,83.89,2025,City_Regency
Samosir,86.67,82.94,2025,City_Regency
Serdang Bedagai,89.69,56.01,2025,City_Regency
Batu Bara,85.13,55.57,2025,City_Regency
Padang Lawas Utara,87.36,64.58,2025,City_Regency
Padang Lawas,90.35,67.43,2025,City_Regency
Labuhan Batu Selatan,86.77,51.87,2025,City_Regency
Labuhan Batu Utara,89.69,56.79,2025,City_Regency
Nias Utara,83.43,74.56,2025,City_Regency
Nias Barat,86.79,78.8,2025,City_Regency
Kota Sibolga,82.71,55.47,2025,City_Regency
Kota Tanjung Balai,86.16,59.59,2025,City_Regency
Kota Pematang Siantar,83.67,64.19,2025,City_Regency
Kota Tebing Tinggi,87.58,56.51,2025,City_Regency
Kota Medan,78.86,52.79,2025,City_Regency
Kota Binjai,76.87,53.09,2025,City_Regency
Kota Padangsidimpuan,80.47,58.78,2025,City_Regency
Kota Gunungsitoli,77.64,65.12,2025,City_Regency
SUMATERA BARAT,83.21,59.4,2025,Province
Kepulauan Mentawai,85.58,78.83,2025,City_Regency
Pesisir Selatan,86.72,54.08,2025,City_Regency
Solok,87.3,66.95,2025,City_Regency
Sijunjung,87.16,63.33,2025,City_Regency
Tanah Datar,84.45,61.11,2025,City_Regency
Padang Pariaman,81.28,53.44,2025,City_Regency
Agam,80.91,58.08,2025,City_Regency
Lima Puluh Kota,85.1,63.31,2025,City_Regency
Pasaman,85.08,60.13,2025,City_Regency
Solok Selatan,88.84,66.79,2025,City_Regency
Dharmasraya,89.35,59.4,2025,City_Regency
Pasaman Barat,80.3,55.61,2025,City_Regency
Kota Padang,78.17,56.45,2025,City_Regency
Kota Solok,81.89,58.72,2025,City_Regency
Kota Sawah Lunto,83.1,64.9,2025,City_Regency
Kota Padang Panjang,77.84,60.59,2025,City_Regency
Kota Bukittinggi,81.99,58.85,2025,City_Regency
Kota Payakumbuh,81.38,62.51,2025,City_Regency
Kota Pariaman,82.54,63.28,2025,City_Regency
RIAU,84.68,47.68,2025,Province
Kuantan Singingi,84.77,47.33,2025,City_Regency
Indragiri Hulu,87.12,46.23,2025,City_Regency
Indragiri Hilir,84.8,43.41,2025,City_Regency
Pelalawan,88.39,51.11,2025,City_Regency
Siak,85.44,43.93,2025,City_Regency
Kampar,84.08,43.73,2025,City_Regency
Rokan Hulu,85.27,45.67,2025,City_Regency
Bengkalis,84.68,50.12,2025,City_Regency
Rokan Hilir,85.58,41.64,2025,City_Regency
Kepulauan Meranti,82.32,55.69,2025,City_Regency
Kota Pekanbaru,81.55,55.63,2025,City_Regency
Kota Dumai,84.89,52.02,2025,City_Regency
JAMBI,85.6,50.63,2025,Province
Kerinci,83.66,65.84,2025,City_Regency
Merangin,86.85,49.91,2025,City_Regency
Sarolangun,88.51,45.73,2025,City_Regency
Batang Hari,84.3,47.94,2025,City_Regency
Muaro Jambi,88.99,57.83,2025,City_Regency
Tanjung Jabung Timur,85.29,51.91,2025,City_Regency
Tanjung Jabung Barat,87.12,37.75,2025,City_Regency
Tebo,87.8,43.11,2025,City_Regency
Bungo,87.68,51.7,2025,City_Regency
Kota Jambi,80.38,51.88,2025,City_Regency
Kota Sungai Penuh,80.55,57.45,2025,City_Regency
SUMATERA SELATAN,84.82,54.46,2025,Province
Ogan Komering Ulu,84.33,58.52,2025,City_Regency
Ogan Komering Ilir,84.24,46.56,2025,City_Regency
Muara Enim,85.61,54.07,2025,City_Regency
Lahat,86.25,54.54,2025,City_Regency
Musi Rawas,87.39,55.97,2025,City_Regency
Musi Banyuasin,86.0,55.29,2025,City_Regency
Banyu Asin,84.97,44.42,2025,City_Regency
Ogan Komering Ulu Selatan,88.86,58.85,2025,City_Regency
Ogan Komering Ulu Timur,90.1,65.67,2025,City_Regency
Ogan Ilir,89.42,63.06,2025,City_Regency
Empat Lawang,87.71,66.72,2025,City_Regency
Penukal Abab Lematang Ilir,88.1,64.29,2025,City_Regency
Musi Rawas Utara,85.1,55.67,2025,City_Regency
Kota Palembang,78.07,48.09,2025,City_Regency
Kota Prabumulih,82.64,56.72,2025,City_Regency
Kota Pagar Alam,88.81,68.74,2025,City_Regency
Kota Lubuklinggau,82.6,60.69,2025,City_Regency
BENGKULU,84.84,58.17,2025,Province
Bengkulu Selatan,82.73,62.93,2025,City_Regency
Rejang Lebong,85.83,66.28,2025,City_Regency
Bengkulu Utara,85.29,53.26,2025,City_Regency
Kaur,83.88,62.84,2025,City_Regency
Seluma,88.1,57.88,2025,City_Regency
Mukomuko,89.85,44.47,2025,City_Regency
Lebong,86.41,64.57,2025,City_Regency
Kepahiang,88.24,70.48,2025,City_Regency
Bengkulu Tengah,87.99,47.63,2025,City_Regency
Kota Bengkulu,77.74,55.65,2025,City_Regency
LAMPUNG,86.4,53.85,2025,Province
Lampung Barat,90.99,68.26,2025,City_Regency
Tanggamus,85.71,52.93,2025,City_Regency
Lampung Selatan,87.55,48.78,2025,City_Regency
Lampung Timur,84.12,50.78,2025,City_Regency
Lampung Tengah,89.63,61.26,2025,City_Regency
Lampung Utara,83.97,50.27,2025,City_Regency
Way Kanan,89.69,54.21,2025,City_Regency
Tulangbawang,88.58,48.35,2025,City_Regency
Pesawaran,85.95,50.04,2025,City_Regency
Pringsewu,87.24,55.37,2025,City_Regency
Mesuji,89.88,49.84,2025,City_Regency
Tulang Bawang Barat,89.66,53.68,2025,City_Regency
Pesisir Barat,84.34,63.28,2025,City_Regency
Kota Bandar Lampung,81.01,52.8,2025,City_Regency
Kota Metro,82.85,56.79,2025,City_Regency
KEP. BANGKA BELITUNG,85.86,52.02,2025,Province
Bangka,84.59,50.29,2025,City_Regency
Belitung,85.09,52.76,2025,City_Regency
Bangka Barat,87.07,54.38,2025,City_Regency
Bangka Tengah,87.43,51.9,2025,City_Regency
Bangka Selatan,91.02,51.33,2025,City_Regency
Belitung Timur,86.98,49.97,2025,City_Regency
Kota Pangkal Pinang,80.29,53.71,2025,City_Regency
KEPULAUAN RIAU,83.94,52.12,2025,Province
Karimun,82.54,50.26,2025,City_Regency
Bintan,84.01,50.62,2025,City_Regency
Natuna,80.16,61.02,2025,City_Regency
Lingga,83.03,47.85,2025,City_Regency
Kepulauan Anambas,79.9,55.41,2025,City_Regency
Kota Batam,85.35,51.93,2025,City_Regency
Kota Tanjung Pinang,80.67,54.26,2025,City_Regency
DKI JAKARTA,79.66,49.94,2025,Province
Kep. Seribu,84.25,59.94,2025,City_Regency
Kota Jakarta Selatan,78.91,50.38,2025,City_Regency
Kota Jakarta Timur,78.91,49.48,2025,City_Regency
Kota Jakarta Pusat,79.65,50.65,2025,City_Regency
Kota Jakarta Barat,79.24,48.2,2025,City_Regency
Kota Jakarta Utara,82.39,52.05,2025,City_Regency
JAWA BARAT,84.41,49.27,2025,Province
Bogor,86.12,42.13,2025,City_Regency
Sukabumi,87.29,51.81,2025,City_Regency
Cianjur,86.16,50.8,2025,City_Regency
Bandung,83.07,50.44,2025,City_Regency
Garut,84.78,51.07,2025,City_Regency
Tasikmalaya,83.08,55.13,2025,City_Regency
Ciamis,83.31,49.24,2025,City_Regency
Kuningan,86.65,51.73,2025,City_Regency
Cirebon,83.44,54.9,2025,City_Regency
Majalengka,85.96,59.23,2025,City_Regency
Sumedang,84.93,45.72,2025,City_Regency
Indramayu,85.09,45.14,2025,City_Regency
Subang,85.59,52.44,2025,City_Regency
Purwakarta,84.84,47.28,2025,City_Regency
Karawang,86.05,43.99,2025,City_Regency
Bekasi,85.4,42.93,2025,City_Regency
Bandung Barat,86.74,53.84,2025,City_Regency
Pangandaran,90.46,67.98,2025,City_Regency
Kota Bogor,80.41,49.7,2025,City_Regency
Kota Sukabumi,81.84,49.7,2025,City_Regency
Kota Bandung,84.43,51.9,2025,City_Regency
Kota Cirebon,81.05,57.05,2025,City_Regency
Kota Bekasi,79.52,48.73,2025,City_Regency
Kota Depok,78.63,45.36,2025,City_Regency
Kota Cimahi,81.87,52.13,2025,City_Regency
Kota Tasikmalaya,81.18,51.18,2025,City_Regency
Kota Banjar,85.74,54.04,2025,City_Regency
JAWA TENGAH,85.36,63.37,2025,Province
Cilacap,83.27,50.02,2025,City_Regency
Banyumas,82.95,56.79,2025,City_Regency
Purbalingga,87.27,63.23,2025,City_Regency
Banjarnegara,86.44,61.1,2025,City_Regency
Kebumen,85.74,66.41,2025,City_Regency
Purworejo,85.83,64.2,2025,City_Regency
Wonosobo,87.84,63.25,2025,City_Regency
Magelang,86.15,70.08,2025,City_Regency
Boyolali,87.96,66.37,2025,City_Regency
Klaten,84.06,67.43,2025,City_Regency
Sukoharjo,80.14,59.99,2025,City_Regency
Wonogiri,88.03,69.43,2025,City_Regency
Karanganyar,84.76,65.06,2025,City_Regency
Sragen,84.95,65.03,2025,City_Regency
Grobogan,87.53,67.69,2025,City_Regency
Blora,87.52,67.85,2025,City_Regency
Rembang,87.76,64.17,2025,City_Regency
Pati,86.65,67.66,2025,City_Regency
Kudus,84.84,66.78,2025,City_Regency
Jepara,83.5,63.47,2025,City_Regency
Demak,85.59,60.41,2025,City_Regency
Semarang,88.76,71.16,2025,City_Regency
Temanggung,86.36,69.2,2025,City_Regency
Kendal,88.03,64.8,2025,City_Regency
Batang,89.61,65.95,2025,City_Regency
Pekalongan,86.1,68.2,2025,City_Regency
Pemalang,85.79,57.88,2025,City_Regency
Tegal,83.37,60.44,2025,City_Regency
Brebes,85.95,57.54,2025,City_Regency
Kota Magelang,76.1,59.5,2025,City_Regency
Kota Surakarta,79.94,61.86,2025,City_Regency
Kota Salatiga,79.93,62.3,2025,City_Regency
Kota Semarang,81.61,63.95,2025,City_Regency
Kota Pekalongan,85.19,65.38,2025,City_Regency
Kota Tegal,79.48,58.06,2025,City_Regency
D I YOGYAKARTA,83.9,65.91,2025,Province
Kulon Progo,85.35,71.81,2025,City_Regency
Bantul,84.39,65.53,2025,City_Regency
Gunung Kidul,86.88,67.49,2025,City_Regency
Sleman,82.62,63.64,2025,City_Regency
Kota Yogyakarta,78.77,63.85,2025,City_Regency
JAWA TIMUR,85.89,62.29,2025,Province
Pacitan,88.06,73.55,2025,City_Regency
Ponorogo,86.69,73.26,2025,City_Regency
Trenggalek,86.61,68.78,2025,City_Regency
Tulungagung,86.54,63.02,2025,City_Regency
Blitar,86.12,65.5,2025,City_Regency
Kediri,85.58,53.55,2025,City_Regency
Malang,87.96,59.74,2025,City_Regency
Lumajang,87.03,52.95,2025,City_Regency
Jember,88.61,63.21,2025,City_Regency
Banyuwangi,86.41,61.23,2025,City_Regency
Bondowoso,89.22,65.84,2025,City_Regency
Situbondo,89.09,68.47,2025,City_Regency
Probolinggo,88.85,65.13,2025,City_Regency
Pasuruan,86.55,63.05,2025,City_Regency
Sidoarjo,83.56,55.53,2025,City_Regency
Mojokerto,82.46,66.03,2025,City_Regency
Jombang,86.43,58.77,2025,City_Regency
Nganjuk,85.95,60.43,2025,City_Regency
Madiun,83.72,64.57,2025,City_Regency
Magetan,84.78,65.11,2025,City_Regency
Ngawi,85.84,63.74,2025,City_Regency
Bojonegoro,88.28,69.0,2025,City_Regency
Tuban,87.22,58.73,2025,City_Regency
Lamongan,87.05,62.65,2025,City_Regency
Gresik,83.38,52.54,2025,City_Regency
Bangkalan,82.85,55.6,2025,City_Regency
Sampang,88.21,67.01,2025,City_Regency
Pamekasan,87.66,72.44,2025,City_Regency
Sumenep,87.68,72.94,2025,City_Regency
Kota Kediri,81.42,59.93,2025,City_Regency
Kota Blitar,84.84,67.37,2025,City_Regency
Kota Malang,79.35,60.62,2025,City_Regency
Kota Probolinggo,81.29,55.97,2025,City_Regency
Kota Pasuruan,84.65,66.72,2025,City_Regency
Kota Mojokerto,82.48,57.92,2025,City_Regency
Kota Madiun,80.39,62.59,2025,City_Regency
Kota Surabaya,81.42,60.16,2025,City_Regency
Kota Batu,88.45,72.57,2025,City_Regency
BANTEN,81.96,46.87,2025,Province
Pandeglang,83.52,39.41,2025,City_Regency
Lebak,81.86,45.78,2025,City_Regency
Tangerang,83.64,48.27,2025,City_Regency
Serang,84.63,49.66,2025,City_Regency
Kota Tangerang,79.78,48.7,2025,City_Regency
Kota Cilegon,78.92,43.31,2025,City_Regency
Kota Serang,82.16,52.51,2025,City_Regency
Kota Tangerang Selatan,77.24,43.93,2025,City_Regency
BALI,83.84,70.84,2025,Province
Jembrana,84.35,73.09,2025,City_Regency
Tabanan,83.67,70.28,2025,City_Regency
Badung,81.56,67.71,2025,City_Regency
Gianyar,81.49,70.13,2025,City_Regency
Klungkung,83.5,73.83,2025,City_Regency
Bangli,86.96,76.48,2025,City_Regency
Karangasem,88.92,80.53,2025,City_Regency
Buleleng,86.57,73.06,2025,City_Regency
Kota Denpasar,80.08,61.74,2025,City_Regency
NUSA TENGGARA BARAT,86.55,65.69,2025,Province
Lombok Barat,84.82,63.97,2025,City_Regency
Lombok Tengah,88.38,68.4,2025,City_Regency
Lombok Timur,88.98,67.8,2025,City_Regency
Sumbawa,86.87,59.55,2025,City_Regency
Dompu,87.62,69.73,2025,City_Regency
Bima,85.48,66.21,2025,City_Regency
Sumbawa Barat,84.06,62.32,2025,City_Regency
Lombok Utara,86.8,66.78,2025,City_Regency
Kota Mataram,79.91,62.06,2025,City_Regency
Kota Bima,81.65,61.94,2025,City_Regency
NUSA TENGGARA TIMUR,82.52,68.68,2025,Province
Sumba Barat,81.77,71.91,2025,City_Regency
Sumba Timur,80.64,70.11,2025,City_Regency
Kupang,83.45,58.15,2025,City_Regency
Timor Tengah Selatan,85.19,77.3,2025,City_Regency
Timor Tengah Utara,78.89,71.3,2025,City_Regency
Belu,86.69,66.82,2025,City_Regency
Alor,80.98,76.72,2025,City_Regency
Lembata,80.71,73.82,2025,City_Regency
Flores Timur,79.53,61.0,2025,City_Regency
Sikka,80.6,64.2,2025,City_Regency
Ende,76.7,67.46,2025,City_Regency
Ngada,82.01,72.91,2025,City_Regency
Manggarai,84.37,72.86,2025,City_Regency
Rote Ndao,79.64,61.6,2025,City_Regency
Manggarai Barat,81.88,62.34,2025,City_Regency
Sumba Tengah,84.98,69.33,2025,City_Regency
Sumba Barat Daya,86.66,77.88,2025,City_Regency
Nagekeo,81.02,62.39,2025,City_Regency
Manggarai Timur,87.85,78.83,2025,City_Regency
Sabu Raijua,79.73,70.37,2025,City_Regency
Malaka,87.83,82.07,2025,City_Regency
Kota Kupang,80.87,55.76,2025,City_Regency
KALIMANTAN BARAT,85.32,55.7,2025,Province
Sambas,84.35,61.45,2025,City_Regency
Bengkayang,89.05,66.12,2025,City_Regency
Landak,86.21,57.34,2025,City_Regency
Mempawah,87.71,54.07,2025,City_Regency
Sanggau,85.57,62.67,2025,City_Regency
Ketapang,86.29,47.68,2025,City_Regency
Sintang,89.18,57.8,2025,City_Regency
Kapuas Hulu,87.32,60.38,2025,City_Regency
Sekadau,90.9,63.76,2025,City_Regency
Melawi,87.52,60.81,2025,City_Regency
Kayong Utara,86.23,48.28,2025,City_Regency
Kubu Raya,86.02,51.51,2025,City_Regency
Kota Pontianak,76.25,47.5,2025,City_Regency
Kota Singkawang,81.17,49.96,2025,City_Regency
KALIMANTAN TENGAH,85.26,50.34,2025,Province
Kotawaringin Barat,86.56,51.44,2025,City_Regency
Kotawaringin Timur,86.65,39.84,2025,City_Regency
Kapuas,83.09,51.82,2025,City_Regency
Barito Selatan,82.03,48.32,2025,City_Regency
Barito Utara,86.41,59.61,2025,City_Regency
Sukamara,85.85,52.84,2025,City_Regency
Lamandau,88.94,52.75,2025,City_Regency
Seruyan,87.12,48.75,2025,City_Regency
Katingan,86.93,47.87,2025,City_Regency
Pulang Pisau,88.79,57.96,2025,City_Regency
Gunung Mas,87.81,44.89,2025,City_Regency
Barito Timur,84.96,69.2,2025,City_Regency
Murung Raya,82.86,50.14,2025,City_Regency
Kota Palangka Raya,80.56,51.11,2025,City_Regency
KALIMANTAN SELATAN,84.48,55.18,2025,Province
Tanah Laut,88.59,54.61,2025,City_Regency
Kotabaru,85.17,44.26,2025,City_Regency
Banjar,83.7,55.62,2025,City_Regency
Barito Kuala,86.49,57.18,2025,City_Regency
Tapin,84.59,56.47,2025,City_Regency
Hulu Sungai Selatan,82.3,59.65,2025,City_Regency
Hulu Sungai Tengah,84.05,62.56,2025,City_Regency
Hulu Sungai Utara,83.22,58.68,2025,City_Regency
Tabalong,85.16,56.63,2025,City_Regency
Tanah Bumbu,86.96,51.96,2025,City_Regency
Balangan,83.98,66.1,2025,City_Regency
Kota Banjarmasin,81.71,51.64,2025,City_Regency
Kota Banjar Baru,83.92,56.17,2025,City_Regency
KALIMANTAN TIMUR,83.14,48.72,2025,Province
Paser,85.11,41.43,2025,City_Regency
Kutai Barat,85.16,56.76,2025,City_Regency
Kutai Kartanegara,84.69,44.38,2025,City_Regency
Kutai Timur,83.53,46.27,2025,City_Regency
Berau,85.51,56.66,2025,City_Regency
Penajam Paser Utara,85.57,57.34,2025,City_Regency
Mahakam Ulu,87.64,66.25,2025,City_Regency
Kota Balikpapan,81.81,50.66,2025,City_Regency
Kota Samarinda,79.99,46.7,2025,City_Regency
Kota Bontang,82.95,54.37,2025,City_Regency
KALIMANTAN UTARA,84.95,52.26,2025,Province
Malinau,87.63,63.74,2025,City_Regency
Bulungan,86.78,57.08,2025,City_Regency
Tana Tidung,85.82,59.71,2025,City_Regency
Nunukan,87.93,54.32,2025,City_Regency
Kota Tarakan,80.06,42.97,2025,City_Regency
SULAWESI UTARA,83.26,50.51,2025,Province
Bolaang Mongondow,87.6,54.19,2025,City_Regency
Minahasa,80.13,48.9,2025,City_Regency
Kepulauan Sangihe,81.25,54.52,2025,City_Regency
Kepulauan Talaud,80.98,50.82,2025,City_Regency
Minahasa Selatan,84.39,49.98,2025,City_Regency
Minahasa Utara,84.92,49.55,2025,City_Regency
Bolaang Mongondow Utara,87.14,56.62,2025,City_Regency
Siau Tagulandang Biaro,81.11,62.19,2025,City_Regency
Minahasa Tenggara,88.19,50.74,2025,City_Regency
Bolaang Mongondow Selatan,88.5,48.74,2025,City_Regency
Bolaang Mongondow Timur,84.94,33.57,2025,City_Regency
Kota Manado,79.4,49.99,2025,City_Regency
Kota Bitung,84.3,46.64,2025,City_Regency
Kota Tomohon,79.58,49.15,2025,City_Regency
Kota Kotamobagu,86.45,57.59,2025,City_Regency
SULAWESI TENGAH,86.02,58.05,2025,Province
Banggai Kepulauan,84.88,61.61,2025,City_Regency
Banggai,89.45,59.54,2025,City_Regency
Morowali,88.29,36.95,2025,City_Regency
Poso,85.03,55.5,2025,City_Regency
Donggala,86.24,52.51,2025,City_Regency
Toli-Toli,85.67,51.65,2025,City_Regency
Buol,87.34,56.55,2025,City_Regency
Parigi Moutong,87.17,65.44,2025,City_Regency
Tojo Una-Una,86.97,62.19,2025,City_Regency
Sigi,87.92,63.64,2025,City_Regency
Banggai Laut,81.64,55.34,2025,City_Regency
Morowali Utara,86.28,52.88,2025,City_Regency
Kota Palu,79.56,61.63,2025,City_Regency
SULAWESI SELATAN,82.8,52.95,2025,Province
Kepulauan Selayar,81.95,53.73,2025,City_Regency
Bulukumba,87.28,63.86,2025,City_Regency
Bantaeng,87.65,65.27,2025,City_Regency
Jeneponto,86.64,57.49,2025,City_Regency
Takalar,86.89,53.63,2025,City_Regency
Gowa,85.81,51.22,2025,City_Regency
Sinjai,88.05,71.15,2025,City_Regency
Maros,81.77,51.65,2025,City_Regency
Pangkajene dan Kepulauan,83.69,54.52,2025,City_Regency
Barru,82.14,46.79,2025,City_Regency
Bone,83.0,46.99,2025,City_Regency
Soppeng,77.76,44.92,2025,City_Regency
Wajo,82.58,53.05,2025,City_Regency
Sidenreng Rappang,79.91,37.03,2025,City_Regency
Pinrang,81.48,44.86,2025,City_Regency
Enrekang,86.2,68.24,2025,City_Regency
Luwu,83.59,51.72,2025,City_Regency
Tana Toraja,81.9,71.59,2025,City_Regency
Luwu Utara,86.34,60.12,2025,City_Regency
Luwu Timur,84.76,55.05,2025,City_Regency
Toraja Utara,81.59,69.03,2025,City_Regency
Kota Makasar,77.5,44.26,2025,City_Regency
Kota Parepare,78.93,55.67,2025,City_Regency
Kota Palopo,78.79,54.67,2025,City_Regency
SULAWESI TENGGARA,83.56,59.49,2025,Province
Buton,76.62,48.19,2025,City_Regency
Muna,76.92,62.1,2025,City_Regency
Konawe,88.95,63.8,2025,City_Regency
Kolaka,89.12,62.44,2025,City_Regency
Konawe Selatan,85.96,54.61,2025,City_Regency
Bombana,86.25,56.51,2025,City_Regency
Wakatobi,82.0,65.52,2025,City_Regency
Kolaka Utara,89.13,67.93,2025,City_Regency
Buton Utara,88.93,74.87,2025,City_Regency
Konawe Utara,85.83,59.06,2025,City_Regency
Kolaka Timur,90.05,59.76,2025,City_Regency
Konawe Kepulauan,89.34,64.55,2025,City_Regency
Muna Barat,86.56,64.13,2025,City_Regency
Buton Tengah,74.0,58.57,2025,City_Regency
Buton Selatan,80.59,59.81,2025,City_Regency
Kota Kendari,78.3,54.64,2025,City_Regency
Kota Baubau,76.91,54.54,2025,City_Regency
GORONTALO,85.3,53.12,2025,Province
Boalemo,88.48,60.12,2025,City_Regency
Gorontalo,83.7,51.47,2025,City_Regency
Pohuwato,88.09,54.72,2025,City_Regency
Bone Bolango,85.78,48.2,2025,City_Regency
Gorontalo Utara,90.26,58.44,2025,City_Regency
Kota Gorontalo,80.39,50.95,2025,City_Regency
SULAWESI BARAT,87.47,60.68,2025,Province
Majene,82.87,53.64,2025,City_Regency
Polewali Mandar,86.71,59.76,2025,City_Regency
Mamasa,87.4,75.9,2025,City_Regency
Mamuju,86.52,67.45,2025,City_Regency
Mamuju Utara / Pasangkayu,91.99,54.11,2025,City_Regency
Mamuju Tengah,91.11,49.77,2025,City_Regency
MALUKU,77.45,55.71,2025,Province
Maluku Tenggara Barat / Kepulauan Tanimbar,68.7,57.57,2025,City_Regency
Maluku Tenggara,74.31,59.76,2025,City_Regency
Maluku Tengah,75.1,57.23,2025,City_Regency
Buru,89.29,55.58,2025,City_Regency
Kepulauan Aru,81.67,40.48,2025,City_Regency
Seram Bagian Barat,81.86,59.21,2025,City_Regency
Seram Bagian Timur,72.76,50.66,2025,City_Regency
Maluku Barat Daya,80.51,61.16,2025,City_Regency
Buru Selatan,82.95,61.2,2025,City_Regency
Kota Ambon,76.14,56.45,2025,City_Regency
Kota Tual,76.7,44.74,2025,City_Regency
MALUKU UTARA,83.85,54.29,2025,Province
Halmahera Barat,76.72,62.43,2025,City_Regency
Halmahera Tengah,90.62,49.83,2025,City_Regency
Kepulauan Sula,80.95,46.61,2025,City_Regency
Halmahera Selatan,85.86,63.67,2025,City_Regency
Halmahera Utara,87.35,54.12,2025,City_Regency
Halmahera Timur,87.02,51.62,2025,City_Regency
Pulau Morotai,84.04,49.31,2025,City_Regency
Pulau Taliabu,83.69,46.74,2025,City_Regency
Kota Ternate,79.19,48.46,2025,City_Regency
Kota Tidore Kepulauan,86.32,53.16,2025,City_Regency
PAPUA BARAT,80.03,57.73,2025,Province
Fakfak,75.82,49.99,2025,City_Regency
Kaimana,73.42,56.44,2025,City_Regency
Teluk Wondama,74.76,57.55,2025,City_Regency
Teluk Bintuni,83.31,55.12,2025,City_Regency
Manokwari,80.79,54.07,2025,City_Regency
Sorong Selatan,,,2025,City_Regency
Sorong,,,2025,City_Regency
Raja Ampat,,,2025,City_Regency
Tambrauw,,,2025,City_Regency
Maybrat,,,2025,City_Regency
Manokwari Selatan,81.87,65.19,2025,City_Regency
Pegunungan Arfak,90.22,89.32,2025,City_Regency
Kota Sorong,,,2025,City_Regency
PAPUA BARAT DAYA,80.35,54.63,2025,Province
Raja Ampat,79.0,49.23,2025,City_Regency
Sorong,84.28,54.64,2025,City_Regency
Sorong Selatan,76.61,61.12,2025,City_Regency
Maybrat,83.94,77.06,2025,City_Regency
Tambrauw,86.09,73.24,2025,City_Regency
Kota Sorong,78.61,49.02,2025,City_Regency
PAPUA,75.97,50.54,2025,Province
Merauke,,,2025,City_Regency
Jayawijaya,,,2025,City_Regency
Jayapura,77.66,50.87,2025,City_Regency
Nabire,,,2025,City_Regency
Kepulauan Yapen,70.09,40.95,2025,City_Regency
Biak Numfor,81.3,66.05,2025,City_Regency
Paniai,,,2025,City_Regency
Puncak Jaya,,,2025,City_Regency
Mimika,,,2025,City_Regency
Boven Digoel,,,2025,City_Regency
Mappi,,,2025,City_Regency
Asmat,,,2025,City_Regency
Yahukimo,,,2025,City_Regency
Pegunungan Bintang,,,2025,City_Regency
Tolikara,,,2025,City_Regency
Sarmi,80.36,63.94,2025,City_Regency
Keerom,87.71,68.69,2025,City_Regency
Waropen,76.36,52.94,2025,City_Regency
Supiori,66.74,47.44,2025,City_Regency
Mamberamo Raya,65.7,28.98,2025,City_Regency
Nduga,,,2025,City_Regency
Lanny Jaya,,,2025,City_Regency
Mamberamo Tengah,,,2025,City_Regency
Yalimo,,,2025,City_Regency
Puncak,,,2025,City_Regency
Dogiyai,,,2025,City_Regency
Intan Jaya,,,2025,City_Regency
Deiyai,,,2025,City_Regency
Kota Jayapura,74.5,46.0,2025,City_Regency
PAPUA SELATAN,78.24,55.32,2025,Province
Merauke,79.57,52.08,2025,City_Regency
Boven Digoel,78.87,51.09,2025,City_Regency
Mappi,74.54,55.56,2025,City_Regency
Asmat,78.42,65.43,2025,City_Regency
PAPUA TENGAH,80.58,66.09,2025,Province
Mimika,84.56,47.77,2025,City_Regency
Dogiyai,93.77,81.19,2025,City_Regency
Deiyai,71.87,68.39,2025,City_Regency
Nabire,82.98,52.37,2025,City_Regency
Paniai,72.62,62.8,2025,City_Regency
Intan Jaya,60.23,53.43,2025,City_Regency
Puncak,93.06,91.58,2025,City_Regency
Puncak Jaya,84.94,84.0,2025,City_Regency
PAPUA PEGUNUNGAN,92.87,88.08,2025,Province
Nduga,92.79,93.39,2025,City_Regency
Jayawijaya,85.11,69.73,2025,City_Regency
Lanny Jaya,96.71,95.91,2025,City_Regency
Tolikara,94.68,93.26,2025,City_Regency
Mamberamo Tengah,89.73,82.94,2025,City_Regency
Yalimo,91.13,90.72,2025,City_Regency
Yahukimo,96.01,91.82,2025,City_Regency
Pegunungan Bintang,90.44,89.32,2025,City_Regency
INDONESIA,84.4,56.63,2025,National
